web-scraper-order,web-scraper-start-url,Name,Redaktionssitz,Verlag
"1632990151-18875","https://de.wikipedia.org/wiki/Liste_deutscher_Zeitungen","Tölzer Kurier","Bad Tölz","Münchener Zeitungs-Verlag GmbH & Co. KG"
"1632990151-18554","https://de.wikipedia.org/wiki/Liste_deutscher_Zeitungen","Fläming Echo","Bad Belzig","Märkische Verlags- und Druck-Gesellschaft mbH Potsdam"
"1632990151-18620","https://de.wikipedia.org/wiki/Liste_deutscher_Zeitungen","Höchster Kreisblatt","Frankfurt-Höchst, Hofheim am Taunus","Frankfurter Societäts-Druckerei GmbH"
"1632990151-18890","https://de.wikipedia.org/wiki/Liste_deutscher_Zeitungen","Vogtlandanzeiger","Plauen","Vogtland-Anzeiger GmbH"
"1632990151-18548","https://de.wikipedia.org/wiki/Liste_deutscher_Zeitungen","Erlanger Nachrichten","Erlangen","Nürnberger Presse Druckhaus Nürnberg GmbH & Co."
"1632990151-18606","https://de.wikipedia.org/wiki/Liste_deutscher_Zeitungen","Havelländer, Der","Falkensee","Märkische Verlags- und Druck-Gesellschaft mbH Potsdam"
"1632990151-18845","https://de.wikipedia.org/wiki/Liste_deutscher_Zeitungen","Stader Tageblatt","Stade","Karl Krause GmbH und Co. KG"
"1632990151-18842","https://de.wikipedia.org/wiki/Liste_deutscher_Zeitungen","Solinger Tageblatt","Solingen","B. Boll, Verlag des Solinger Tageblattes GmbH & Co. KG"
"1632990151-18571","https://de.wikipedia.org/wiki/Liste_deutscher_Zeitungen","Fuldaer Zeitung","Fulda","Verlag Parzeller GmbH & Co. KG"
"1632990151-18681","https://de.wikipedia.org/wiki/Liste_deutscher_Zeitungen","Meinerzhagener Zeitung","Meinerzhagen","Märkischer Zeitungsverlag GmbH & Co. KG"
"1632990151-18743","https://de.wikipedia.org/wiki/Liste_deutscher_Zeitungen","Oberhessische Zeitung","Alsfeld","Verlagsgesellschaft Vogelsberg GmbH & Co. KG"
"1632990151-18732","https://de.wikipedia.org/wiki/Liste_deutscher_Zeitungen","Norderstedter Zeitung","Norderstedt","Zeitungsgruppe Hamburg GmbH"
"1632990151-18826","https://de.wikipedia.org/wiki/Liste_deutscher_Zeitungen","Schwäbisches Tagblatt","Tübingen","Verlag Schwäbisches Tagblatt GmbH"
"1632990151-18765","https://de.wikipedia.org/wiki/Liste_deutscher_Zeitungen","Patriot, Der","Lippstadt","Zeitungsverlag Der Patriot GmbH"
"1632990151-18670","https://de.wikipedia.org/wiki/Liste_deutscher_Zeitungen","Main-Echo","Aschaffenburg","Verlag und Druckerei Main-Echo GmbH & Co. KG"
"1632990151-18907","https://de.wikipedia.org/wiki/Liste_deutscher_Zeitungen","Wesermarsch-Zeitung","Nordenham","Nordwest-Zeitung Verlagsgesellschaft mbH & Co. KG"
"1632990151-18618","https://de.wikipedia.org/wiki/Liste_deutscher_Zeitungen","Hilpoltsteiner Kurier","Hilpoltstein","Donaukurier Verlagsgesellschaft mbH & Co KG"
"1632990151-18745","https://de.wikipedia.org/wiki/Liste_deutscher_Zeitungen","Odenwälder Echo","Erbach (Odenwald)","Echo Zeitungen GmbH"
"1632990151-18624","https://de.wikipedia.org/wiki/Liste_deutscher_Zeitungen","Holsteiner Zeitung","Kiel","Kieler Zeitung Verlags- und Druckerei KG GmbH"
"1632990151-18506","https://de.wikipedia.org/wiki/Liste_deutscher_Zeitungen","Chiemgau-Zeitung","Prien am Chiemsee","Oberbayerisches Volksblatt GmbH & Co. Medienhaus KG"
"1632990151-18447","https://de.wikipedia.org/wiki/Liste_deutscher_Zeitungen","Allgemeine Zeitung","Mainz","Verlagsgruppe Rhein Main GmbH & Co. KG"
"1632990151-18802","https://de.wikipedia.org/wiki/Liste_deutscher_Zeitungen","Roth-Hilpoltsteiner Volkszeitung","Roth/Hilpoltstein","Nürnberger Presse Druckhaus Nürnberg GmbH & Co."
"1632990151-18590","https://de.wikipedia.org/wiki/Liste_deutscher_Zeitungen","Gransee-Zeitung","Gransee","Märkischer Zeitungsverlag"
"1632990151-18628","https://de.wikipedia.org/wiki/Liste_deutscher_Zeitungen","Husumer Nachrichten","Husum","Schleswig-Holsteinischer Zeitungsverlag"
"1632990151-18871","https://de.wikipedia.org/wiki/Liste_deutscher_Zeitungen","Templiner Zeitung","Templin","Kurierverlags GmbH & Co. KG"
"1632990151-18517","https://de.wikipedia.org/wiki/Liste_deutscher_Zeitungen","Demminer Zeitung","Demmin","Kurierverlags GmbH & Co. KG"
"1632990151-18499","https://de.wikipedia.org/wiki/Liste_deutscher_Zeitungen","Buchloer Zeitung","Buchloe","Allgäuer Zeitungsverlag GmbH"
"1632990151-18738","https://de.wikipedia.org/wiki/Liste_deutscher_Zeitungen","Nürnberger Zeitung","Nürnberg","Nürnberger Presse Druckhaus Nürnberg GmbH & Co."
"1632990151-18773","https://de.wikipedia.org/wiki/Liste_deutscher_Zeitungen","Pforzheimer Kurier","Pforzheim","Badische Neueste Nachrichten"
"1632990151-18714","https://de.wikipedia.org/wiki/Liste_deutscher_Zeitungen","Neue Osnabrücker Zeitung","Osnabrück","Neue Osnabrücker Zeitung GmbH & Co. KG"
"1632990151-18809","https://de.wikipedia.org/wiki/Liste_deutscher_Zeitungen","Saarbrücker Zeitung","Saarbrücken","Saarbrücker Zeitung Verlag und Druckerei"
"1632990151-18764","https://de.wikipedia.org/wiki/Liste_deutscher_Zeitungen","Passauer Neue Presse","Passau","Verlagsgruppe Passau GmbH"
"1632990151-18926","https://de.wikipedia.org/wiki/Liste_deutscher_Zeitungen","Wolfenbütteler Anzeiger","Wolfenbüttel","Braunschweiger Zeitungsverlag GmbH und Co. KG"
"1632990151-18768","https://de.wikipedia.org/wiki/Liste_deutscher_Zeitungen","Peiner Nachrichten","Peine","Braunschweiger Zeitungsverlag GmbH und Co. KG"
"1632990151-18761","https://de.wikipedia.org/wiki/Liste_deutscher_Zeitungen","Ostthüringer Zeitung","Gera","OTZ – Ostthüringer Zeitung Verlag GmbH & Co. KG"
"1632990151-18917","https://de.wikipedia.org/wiki/Liste_deutscher_Zeitungen","Westricher Rundschau","Kusel","Rheinpfalz Verlag und Druckerei GmbH und Co. KG"
"1632990151-18662","https://de.wikipedia.org/wiki/Liste_deutscher_Zeitungen","Lingener Tagespost","Lingen","Neue Osnabrücker Zeitung GmbH & Co. KG"
"1632990151-18723","https://de.wikipedia.org/wiki/Liste_deutscher_Zeitungen","Neu-Ulmer Zeitung","Neu-Ulm","Mediengruppe Pressedruck"
"1632990151-18535","https://de.wikipedia.org/wiki/Liste_deutscher_Zeitungen","Eberbacher Zeitung","Eberbach","Neckartal Printmedien GmbH & Co. KG"
"1632990151-18863","https://de.wikipedia.org/wiki/Liste_deutscher_Zeitungen","Tageblatt für den Kreis Steinfurt","Ochtrup","Tageblatt Steinfurt GmbH & Co.KG"
"1632990151-18734","https://de.wikipedia.org/wiki/Liste_deutscher_Zeitungen","Nordkurier","Neubrandenburg","Kurierverlags GmbH & Co. KG"
"1632990151-18440","https://de.wikipedia.org/wiki/Liste_deutscher_Zeitungen","Aichacher Zeitung","Aichach","Mayer & Söhne Druck- und Mediengruppe GmbH"
"1632990151-18513","https://de.wikipedia.org/wiki/Liste_deutscher_Zeitungen","Deggendorfer Zeitung","Deggendorf","Neue Presse Verlags-GmbH"
"1632990151-18650","https://de.wikipedia.org/wiki/Liste_deutscher_Zeitungen","Lahrer Zeitung","Lahr","Lahrer Zeitung GmbH"
"1632990151-18664","https://de.wikipedia.org/wiki/Liste_deutscher_Zeitungen","Lübecker Nachrichten","Lübeck","Lübecker Nachrichten GmbH"
"1632990151-18900","https://de.wikipedia.org/wiki/Liste_deutscher_Zeitungen","Weißenburger Tagblatt","Weißenburg","Nürnberger Presse Druckhaus Nürnberg GmbH & Co."
"1632990151-18753","https://de.wikipedia.org/wiki/Liste_deutscher_Zeitungen","Osterländer Volkszeitung","Leipzig","Leipziger Verlags- und Druckereigesellschaft"
"1632990151-18840","https://de.wikipedia.org/wiki/Liste_deutscher_Zeitungen","Sinsheimer Nachrichten","Sinsheim","Rhein-Neckar-Zeitung GmbH"
"1632990151-18633","https://de.wikipedia.org/wiki/Liste_deutscher_Zeitungen","Isar-Loisach Bote","Wolfratshausen","Münchener Zeitungs-Verlag GmbH & Co. KG"
"1632990151-18511","https://de.wikipedia.org/wiki/Liste_deutscher_Zeitungen","Darmstädter Echo","Darmstadt","Echo Zeitungen GmbH"
"1632990151-18817","https://de.wikipedia.org/wiki/Liste_deutscher_Zeitungen","Schleswiger Nachrichten","Schleswig","Schleswig-Holsteinischer Zeitungsverlag"
"1632990151-18823","https://de.wikipedia.org/wiki/Liste_deutscher_Zeitungen","Schwabacher Tagblatt","Schwabach","Nürnberger Presse Druckhaus Nürnberg GmbH & Co."
"1632990151-18846","https://de.wikipedia.org/wiki/Liste_deutscher_Zeitungen","Starkenburger Echo","Heppenheim","Echo Zeitungen GmbH"
"1632990151-18475","https://de.wikipedia.org/wiki/Liste_deutscher_Zeitungen","Berliner Morgenpost","Berlin","Ullstein GmbH"
"1632990151-18796","https://de.wikipedia.org/wiki/Liste_deutscher_Zeitungen","Rheinpfalz, Die","Ludwigshafen am Rhein","Rheinpfalz Verlag und Druckerei GmbH und Co. KG"
"1632990151-18735","https://de.wikipedia.org/wiki/Liste_deutscher_Zeitungen","Nordsee-Zeitung","Bremerhaven","Nordsee-Zeitung GmbH"
"1632990151-18790","https://de.wikipedia.org/wiki/Liste_deutscher_Zeitungen","Rems-Zeitung","Schwäbisch Gmünd","Remsdruckerei Sigg, Härtel u. Co. KG"
"1632990151-18892","https://de.wikipedia.org/wiki/Liste_deutscher_Zeitungen","Waldeckische Landeszeitung","Korbach","Wilhelm Bing Druckerei und Verlag GmbH"
"1632990151-18449","https://de.wikipedia.org/wiki/Liste_deutscher_Zeitungen","Allgemeiner Anzeiger. Nachrichten für das märkische Sauerland","Halver","Märkischer Zeitungsverlag GmbH & Co. KG"
"1632990151-18542","https://de.wikipedia.org/wiki/Liste_deutscher_Zeitungen","Einbecker Morgenpost","Einbeck","Druck und Verlag Heinrich Rüttgerodt GmbH + Co. KG"
"1632990151-18861","https://de.wikipedia.org/wiki/Liste_deutscher_Zeitungen","Syker Kurier","Syke","Bremer Tageszeitungen AG"
"1632990151-18793","https://de.wikipedia.org/wiki/Liste_deutscher_Zeitungen","Rheiderland-Zeitung","Weener","H. Risius KG"
"1632990151-18464","https://de.wikipedia.org/wiki/Liste_deutscher_Zeitungen","Bad Oeynhausener Kurier","Bad Oeynhausen","Neue Westfälische GmbH & Co. KG"
"1632990151-18534","https://de.wikipedia.org/wiki/Liste_deutscher_Zeitungen","Dürener Zeitung","Düren","Zeitungsverlag Aachen GmbH"
"1632990151-18574","https://de.wikipedia.org/wiki/Liste_deutscher_Zeitungen","Gandersheimer Kreisblatt","Bad Gandersheim","Gandersheimer Kreisblatt GmbH & Co. KG"
"1632990151-18637","https://de.wikipedia.org/wiki/Liste_deutscher_Zeitungen","junge Welt","Berlin","Verlag 8. Mai GmbH"
"1632990151-18529","https://de.wikipedia.org/wiki/Liste_deutscher_Zeitungen","Donau-Zeitung","Dillingen an der Donau","Mediengruppe Pressedruck"
"1632990151-18860","https://de.wikipedia.org/wiki/Liste_deutscher_Zeitungen","Sulzbach-Rosenberger Zeitung","Sulzbach-Rosenberg","Der neue Tag (Oberpfälzischer Kurier) Druck- und Verlagshaus GmbH"
"1632990151-18919","https://de.wikipedia.org/wiki/Liste_deutscher_Zeitungen","Wetzlarer Neue Zeitung","Wetzlar","Wetzlardruck GmbH"
"1632990151-18573","https://de.wikipedia.org/wiki/Liste_deutscher_Zeitungen","Fürther Nachrichten","Fürth","Nürnberger Presse Druckhaus Nürnberg GmbH & Co."
"1632990151-18507","https://de.wikipedia.org/wiki/Liste_deutscher_Zeitungen","Coburger Tageblatt","Coburg","Coburger Tageblatt Verlag & Medien GmbH & Co. KG"
"1632990151-18500","https://de.wikipedia.org/wiki/Liste_deutscher_Zeitungen","Bünder Tageblatt","Bünde","Neue Westfälische GmbH & Co. KG"
"1632990151-18579","https://de.wikipedia.org/wiki/Liste_deutscher_Zeitungen","Gelnhäuser Tageblatt","Gelnhausen","Gießener Anzeiger Verlags GmbH & Co KG"
"1632990151-18736","https://de.wikipedia.org/wiki/Liste_deutscher_Zeitungen","Nordwest-Zeitung","Oldenburg (Oldenburg)","Nordwest-Zeitung Verlagsgesellschaft mbH & Co. KG"
"1632990151-18452","https://de.wikipedia.org/wiki/Liste_deutscher_Zeitungen","Altmark Zeitung","Salzwedel","C. Beckers Buchdruckerei GmbH & Co. KG"
"1632990151-18551","https://de.wikipedia.org/wiki/Liste_deutscher_Zeitungen","Fehmarnsches Tageblatt","Fehmarn","Burg-Verlag GmbH & Co. KG"
"1632990151-18431","https://de.wikipedia.org/wiki/Liste_deutscher_Zeitungen","Aar-Bote","Bad Schwalbach","Verlagsgruppe Rhein Main GmbH & Co. KG"
"1632990151-18563","https://de.wikipedia.org/wiki/Liste_deutscher_Zeitungen","Fränkische Landeszeitung","Ansbach","Fränkische Landeszeitung GmbH"
"1632990151-18815","https://de.wikipedia.org/wiki/Liste_deutscher_Zeitungen","Schifferstadter Tagblatt","Schifferstadt","Geier-Druck-Verlag"
"1632990151-18812","https://de.wikipedia.org/wiki/Liste_deutscher_Zeitungen","Schaumburger Nachrichten","Stadthagen","Schaumburger Nachrichten Verlagsgesellschaft mbH & Co. KG"
"1632990151-18913","https://de.wikipedia.org/wiki/Liste_deutscher_Zeitungen","Westfälische Nachrichten","Münster","Aschendorff Medien GmbH & Co. KG"
"1632990151-18630","https://de.wikipedia.org/wiki/Liste_deutscher_Zeitungen","Illertisser Zeitung","Illertissen","Mediengruppe Pressedruck"
"1632990151-18827","https://de.wikipedia.org/wiki/Liste_deutscher_Zeitungen","Schwabmünchner Allgemeine","Schwabmünchen","Mediengruppe Pressedruck"
"1632990151-18599","https://de.wikipedia.org/wiki/Liste_deutscher_Zeitungen","Hanauer Anzeiger","Hanau","Hanauer Anzeiger GmbH & Co KG"
"1632990151-18880","https://de.wikipedia.org/wiki/Liste_deutscher_Zeitungen","Türkiye","Mörfelden-Walldorf","Media-Daten Verlag"
"1632990151-18716","https://de.wikipedia.org/wiki/Liste_deutscher_Zeitungen","Neue Presse (Hannover)","Hannover","Verlagsgesellschaft Madsack GmbH & Co. KG"
"1632990151-18792","https://de.wikipedia.org/wiki/Liste_deutscher_Zeitungen","Reutlinger Nachrichten","Reutlingen","Reutlinger Nachrichten"
"1632990151-18432","https://de.wikipedia.org/wiki/Liste_deutscher_Zeitungen","Abendzeitung","München","Die Abendzeitung GmbH & Co KG"
"1632990151-18456","https://de.wikipedia.org/wiki/Liste_deutscher_Zeitungen","Ammerländer Nachrichten","Westerstede","Nordwest-Zeitung Verlagsgesellschaft mbH & Co. KG"
"1632990151-18806","https://de.wikipedia.org/wiki/Liste_deutscher_Zeitungen","Ruppiner Anzeiger","Neuruppin","Märkischer Zeitungsverlag"
"1632990151-18928","https://de.wikipedia.org/wiki/Liste_deutscher_Zeitungen","Wolfsburger Nachrichten","Wolfsburg","Braunschweiger Zeitungsverlag GmbH und Co. KG"
"1632990151-18747","https://de.wikipedia.org/wiki/Liste_deutscher_Zeitungen","Offenburger Tageblatt","Offenburg","Reiff Verlag KG"
"1632990151-18870","https://de.wikipedia.org/wiki/Liste_deutscher_Zeitungen","Teckbote, Der","Kirchheim unter Teck","GO Verlag GmbH & Co. KG"
"1632990151-18492","https://de.wikipedia.org/wiki/Liste_deutscher_Zeitungen","Brandenburger Kurier","Brandenburg an der Havel","Märkische Verlags- und Druck-Gesellschaft mbH Potsdam"
"1632990151-18785","https://de.wikipedia.org/wiki/Liste_deutscher_Zeitungen","Recklinghäuser Zeitung","Recklinghausen","Verlag J. Bauer KG"
"1632990151-18794","https://de.wikipedia.org/wiki/Liste_deutscher_Zeitungen","Rheinische Post","Düsseldorf","Rheinische Post Verlagsgesellschaft mbH"
"1632990151-18596","https://de.wikipedia.org/wiki/Liste_deutscher_Zeitungen","Hallertauer Zeitung","Mainburg","Jos. Thomann’sche Buchdruckerei, Verlag der Landshuter Zeitung"
"1632990151-18784","https://de.wikipedia.org/wiki/Liste_deutscher_Zeitungen","Pyrmonter Nachrichten","Bad Pyrmont","Deister- und Weserzeitung Verlagsgesellschaft mbH & Co. KG"
"1632990151-18665","https://de.wikipedia.org/wiki/Liste_deutscher_Zeitungen","Luckenwalder Rundschau","Luckenwalde","Märkische Verlags- und Druck-Gesellschaft mbH Potsdam"
"1632990151-18795","https://de.wikipedia.org/wiki/Liste_deutscher_Zeitungen","Rhein-Neckar-Zeitung","Heidelberg","Rhein-Neckar-Zeitung GmbH"
"1632990151-18717","https://de.wikipedia.org/wiki/Liste_deutscher_Zeitungen","Neue Ruhr/Neue Rhein Zeitung","Essen","Zeitungsverlag Niederrhein GmbH & Co. Essen KG"
"1632990151-18837","https://de.wikipedia.org/wiki/Liste_deutscher_Zeitungen","Serbske Nowiny","Bautzen","Domowina-Verlag"
"1632990151-18685","https://de.wikipedia.org/wiki/Liste_deutscher_Zeitungen","Meppener Tagespost","Meppen","Neue Osnabrücker Zeitung GmbH & Co. KG"
"1632990151-18829","https://de.wikipedia.org/wiki/Liste_deutscher_Zeitungen","Schwarzwälder Post","Zell am Harmersbach","Druckerei Fuchs Verlag Schwarzwälder Post"
"1632990151-18672","https://de.wikipedia.org/wiki/Liste_deutscher_Zeitungen","Maintal Tagesanzeiger","Maintal","Maintal Tagesanzeiger Verlags GmbH"
"1632990151-18830","https://de.wikipedia.org/wiki/Liste_deutscher_Zeitungen","Schweriner Volkszeitung","Schwerin","Zeitungsverlag Schwerin GmbH & Co. KG,"
"1632990151-18783","https://de.wikipedia.org/wiki/Liste_deutscher_Zeitungen","Prignitz Kurier","Pritzwalk/Perleberg","Märkische Verlags- und Druck-Gesellschaft mbH Potsdam"
"1632990151-18896","https://de.wikipedia.org/wiki/Liste_deutscher_Zeitungen","Wedel-Schulauer Tageblatt","Pinneberg","A. Beig Druckerei und Verlag GmbH & Co. KG"
"1632990151-18439","https://de.wikipedia.org/wiki/Liste_deutscher_Zeitungen","Aichacher Nachrichten","Aichach","Mediengruppe Pressedruck"
"1632990151-18881","https://de.wikipedia.org/wiki/Liste_deutscher_Zeitungen","tz","München","Zeitungsverlag tz München GmbH & Co. KG"
"1632990151-18577","https://de.wikipedia.org/wiki/Liste_deutscher_Zeitungen","Geislinger Zeitung","Geislingen","Geislinger Zeitung Verlags-GmbH & Co. KG"
"1632990151-18903","https://de.wikipedia.org/wiki/Liste_deutscher_Zeitungen","Werra-Rundschau","Eschwege","Werra Verlag Kluthe KG"
"1632990151-18832","https://de.wikipedia.org/wiki/Liste_deutscher_Zeitungen","Sechsämter Neueste Nachrichten","Wunsiedel","Frankenpost Verlag GmbH"
"1632990151-18550","https://de.wikipedia.org/wiki/Liste_deutscher_Zeitungen","Express","Köln","M. DuMont Schauberg Expedition der Kölnischen Zeitung GmbH & Co. KG"
"1632990151-18818","https://de.wikipedia.org/wiki/Liste_deutscher_Zeitungen","Schleswig-Holsteinische Landeszeitung","Rendsburg","Schleswig-Holsteinischer Zeitungsverlag"
"1632990151-18615","https://de.wikipedia.org/wiki/Liste_deutscher_Zeitungen","Hertener Allgemeine","Herten","Verlag J. Bauer KG"
"1632990151-18463","https://de.wikipedia.org/wiki/Liste_deutscher_Zeitungen","Bad Dürkheimer Zeitung","Bad Dürkheim","Rheinpfalz Verlag und Druckerei GmbH und Co. KG"
"1632990151-18702","https://de.wikipedia.org/wiki/Liste_deutscher_Zeitungen","Münstersche Zeitung","Münster","MZ Medien Holding GmbH & Co. KG"
"1632990151-18562","https://de.wikipedia.org/wiki/Liste_deutscher_Zeitungen","Frankfurter Rundschau","Frankfurt am Main","Frankfurter Rundschau GmbH"
"1632990151-18607","https://de.wikipedia.org/wiki/Liste_deutscher_Zeitungen","Heidenheimer Neue Presse","Heidenheim an der Brenz","Heidenheimer Zeitung GmbH & Co.KG"
"1632990151-18520","https://de.wikipedia.org/wiki/Liste_deutscher_Zeitungen","Dieburger Anzeiger","Dieburg","Pressehaus Bintz-Verlag GmbH & Co. KG,"
"1632990151-18676","https://de.wikipedia.org/wiki/Liste_deutscher_Zeitungen","Markgräfler Tagblatt","Schopfheim","Oberbadisches Verlagshaus Georg Jaumann GmbH & Co. KG"
"1632990151-18540","https://de.wikipedia.org/wiki/Liste_deutscher_Zeitungen","Eichsfelder Tageblatt","Duderstadt","Göttinger Tageblatt GmbH & Co. KG"
"1632990151-18767","https://de.wikipedia.org/wiki/Liste_deutscher_Zeitungen","Peiner Allgemeine Zeitung","Peine","Madsack Medien Ostniedersachsen GmbH & Co. KG"
"1632990151-18934","https://de.wikipedia.org/wiki/Liste_deutscher_Zeitungen","Zollern-Alb-Kurier","Balingen","Druck + Verlagshaus Hermann Daniel GmbH & Co. KG"
"1632990151-18448","https://de.wikipedia.org/wiki/Liste_deutscher_Zeitungen","Allgemeine Zeitung der Lüneburger Heide","Uelzen","C. Beckers Buchdruckerei GmbH & Co. KG"
"1632990151-18497","https://de.wikipedia.org/wiki/Liste_deutscher_Zeitungen","Bruchsaler Rundschau","Bruchsal","Badische Neueste Nachrichten Badendruck GmbH"
"1632990151-18746","https://de.wikipedia.org/wiki/Liste_deutscher_Zeitungen","Offenbach-Post","Offenbach am Main","Pressehaus Bintz-Verlag GmbH & Co KG"
"1632990151-18888","https://de.wikipedia.org/wiki/Liste_deutscher_Zeitungen","Vilsbiburger Zeitung","Vilsbiburg","Cl. Attenkofer'sche Buch- und Kunstdruckerei KG"
"1632990151-18877","https://de.wikipedia.org/wiki/Liste_deutscher_Zeitungen","Traunsteiner Tagblatt","Traunstein","A. Miller Zeitungsverlag"
"1632990151-18686","https://de.wikipedia.org/wiki/Liste_deutscher_Zeitungen","Millî Gazete","Mörfelden-Walldorf","Yeni Nesriyat A.S"
"1632990151-18805","https://de.wikipedia.org/wiki/Liste_deutscher_Zeitungen","Rundschau für den Schwäbischen Wald","Gaildorf","Neue Kreis-Rundschau GmbH"
"1632990151-18759","https://de.wikipedia.org/wiki/Liste_deutscher_Zeitungen","Ostholsteiner Zeitung","Kiel","Kieler Zeitung Verlags- und Druckerei KG GmbH"
"1632990151-18763","https://de.wikipedia.org/wiki/Liste_deutscher_Zeitungen","Pasewalker Zeitung","Pasewalk","Kurierverlags GmbH & Co. KG"
"1632990151-18555","https://de.wikipedia.org/wiki/Liste_deutscher_Zeitungen","Flensborg Avis","Flensburg","Flensborg Avis AG"
"1632990151-18933","https://de.wikipedia.org/wiki/Liste_deutscher_Zeitungen","Zevener Zeitung","Zeven","J.F. Zeller GmbH & Co. KG"
"1632990151-18436","https://de.wikipedia.org/wiki/Liste_deutscher_Zeitungen","Ahlener Tageblatt","Ahlen","E. Holterdorf GmbH & Co. KG"
"1632990151-18484","https://de.wikipedia.org/wiki/Liste_deutscher_Zeitungen","Böhme-Zeitung","Soltau","Mundschenk Nachrichtengesellschaft GmbH & Co. KG"
"1632990151-18908","https://de.wikipedia.org/wiki/Liste_deutscher_Zeitungen","Westallgäuer, Der","Weiler im Allgäu","Holzer Druck und Medien"
"1632990151-18703","https://de.wikipedia.org/wiki/Liste_deutscher_Zeitungen","Müritz-Zeitung","Waren (Müritz)","Kurierverlags GmbH & Co. KG"
"1632990151-18485","https://de.wikipedia.org/wiki/Liste_deutscher_Zeitungen","Bonner General-Anzeiger","Bonn","Bonner Zeitungsdruckerei und Verlagsanstalt H. Neusser GmbH"
"1632990151-18848","https://de.wikipedia.org/wiki/Liste_deutscher_Zeitungen","Stimberg-Zeitung","Oer-Erkenschwick","Verlag J. Bauer KG"
"1632990151-18709","https://de.wikipedia.org/wiki/Liste_deutscher_Zeitungen","Neckarquelle, Die","Villingen-Schwenningen","Kuhn Fachverlag GmbH & Co. KG"
"1632990151-18698","https://de.wikipedia.org/wiki/Liste_deutscher_Zeitungen","Münchner Merkur","München","Münchener Zeitungs-Verlag GmbH & Co. KG"
"1632990151-18581","https://de.wikipedia.org/wiki/Liste_deutscher_Zeitungen","Generalanzeiger Wuppertal","Wuppertal","W. Girardet KG"
"1632990151-18444","https://de.wikipedia.org/wiki/Liste_deutscher_Zeitungen","Allgäuer Zeitung","Kempten (Allgäu)","Allgäuer Zeitungsverlag GmbH"
"1632990151-18729","https://de.wikipedia.org/wiki/Liste_deutscher_Zeitungen","Norddeutsche Rundschau","Itzehoe","Schleswig-Holsteinischer Zeitungsverlag"
"1632990151-18610","https://de.wikipedia.org/wiki/Liste_deutscher_Zeitungen","Hellweger Anzeiger","Unna","Zeitungsverlag Rubens GmbH & Co. KG"
"1632990151-18455","https://de.wikipedia.org/wiki/Liste_deutscher_Zeitungen","Amberger Zeitung","Amberg","Der neue Tag (Oberpfälzischer Kurier) Druck- und Verlagshaus GmbH"
"1632990151-18552","https://de.wikipedia.org/wiki/Liste_deutscher_Zeitungen","Fellbacher Zeitung","Fellbach","Stuttgarter Nachrichten Verlagsgesellschaft mbH"
"1632990151-18587","https://de.wikipedia.org/wiki/Liste_deutscher_Zeitungen","Goslarsche Zeitung","Goslar","Karl Krause GmbH und Co. KG"
"1632990151-18720","https://de.wikipedia.org/wiki/Liste_deutscher_Zeitungen","Neues Deutschland","Berlin","Neues Deutschland Druckerei und Verlags GmbH"
"1632990151-18604","https://de.wikipedia.org/wiki/Liste_deutscher_Zeitungen","Harz Kurier","Osterode","Harz Kurier Verlagsgesellschaft mbH & Co KG"
"1632990151-18437","https://de.wikipedia.org/wiki/Liste_deutscher_Zeitungen","Ahlener Zeitung","Ahlen","Aschendorff Medien GmbH & Co. KG"
"1632990151-18782","https://de.wikipedia.org/wiki/Liste_deutscher_Zeitungen","Prenzlauer Zeitung","Neubrandenburg","Kurierverlags GmbH & Co. KG"
"1632990151-18684","https://de.wikipedia.org/wiki/Liste_deutscher_Zeitungen","Memminger Zeitung","Memmingen","Allgäuer Zeitungsverlag GmbH"
"1632990151-18712","https://de.wikipedia.org/wiki/Liste_deutscher_Zeitungen","Neue Deister-Zeitung","Springe","Druck- und Verlagshaus J. C. Erhardt GmbH"
"1632990151-18646","https://de.wikipedia.org/wiki/Liste_deutscher_Zeitungen","Kreiszeitung","Syke","Kreiszeitung Verlagsgesellschaft mbH & Co. KG"
"1632990151-18779","https://de.wikipedia.org/wiki/Liste_deutscher_Zeitungen","Plattlinger Anzeiger","Plattling","Cl. Attenkofer'sche Buch- und Kunstdruckerei KG"
"1632990151-18663","https://de.wikipedia.org/wiki/Liste_deutscher_Zeitungen","Lippische Landes-Zeitung","Detmold","Lippischer Zeitungsverlag"
"1632990151-18683","https://de.wikipedia.org/wiki/Liste_deutscher_Zeitungen","Meller Kreisblatt","Melle","Neue Osnabrücker Zeitung GmbH & Co. KG"
"1632990151-18668","https://de.wikipedia.org/wiki/Liste_deutscher_Zeitungen","Ludwigshafener Rundschau","Ludwigshafen am Rhein","Rheinpfalz Verlag und Druckerei GmbH und Co. KG"
"1632990151-18488","https://de.wikipedia.org/wiki/Liste_deutscher_Zeitungen","Börsen-Zeitung","Frankfurt am Main","Herausgebergemeinschaft Wertpapier-MitteilungenKeppler, Lehmann GmbH & Co. KG"
"1632990151-18920","https://de.wikipedia.org/wiki/Liste_deutscher_Zeitungen","Wiesbadener Kurier","Wiesbaden","Wiesbadener Kurier GmbH & Co. Verlag und Druckerei KG"
"1632990151-18578","https://de.wikipedia.org/wiki/Liste_deutscher_Zeitungen","Gelnhäuser Neue Zeitung","Gelnhausen","Druck- und Pressehaus Naumann KG"
"1632990151-18825","https://de.wikipedia.org/wiki/Liste_deutscher_Zeitungen","Schwäbische Zeitung","Ravensburg","Schwäbischer Verlag GmbH & Co. KG"
"1632990151-18849","https://de.wikipedia.org/wiki/Liste_deutscher_Zeitungen","Stormarner Tageblatt","Bad Oldesloe","Schleswig-Holsteinischer Zeitungsverlag"
"1632990151-18575","https://de.wikipedia.org/wiki/Liste_deutscher_Zeitungen","Garmisch-Partenkirchner Tagblatt","Garmisch-Partenkirchen","Münchener Zeitungs-Verlag GmbH & Co. KG"
"1632990151-18611","https://de.wikipedia.org/wiki/Liste_deutscher_Zeitungen","Helmstedter Nachrichten","Helmstedt","Braunschweiger Zeitungsverlag GmbH und Co. KG"
"1632990151-18742","https://de.wikipedia.org/wiki/Liste_deutscher_Zeitungen","Oberhessische Presse","Marburg","Hitzeroth Druck + Medien GmbH & Co. KG"
"1632990151-18496","https://de.wikipedia.org/wiki/Liste_deutscher_Zeitungen","Brenztal-Bote","Giengen","Verlag Brenztal-Bote M. Bollinger"
"1632990151-18853","https://de.wikipedia.org/wiki/Liste_deutscher_Zeitungen","Stuttgarter Zeitung","Stuttgart","Stuttgarter Zeitung Verlagsgesellschaft mbH"
"1632990151-18724","https://de.wikipedia.org/wiki/Liste_deutscher_Zeitungen","Niederelbe-Zeitung","Cuxhaven","Cuxhaven-Niederelbe Verlagsgesellschaft mbH & Co. KG"
"1632990151-18883","https://de.wikipedia.org/wiki/Liste_deutscher_Zeitungen","Unterhaardter Rundschau","Grünstadt","Rheinpfalz Verlag und Druckerei GmbH und Co. KG"
"1632990151-18466","https://de.wikipedia.org/wiki/Liste_deutscher_Zeitungen","Badische Zeitung","Freiburg","Badischer Verlag GmbH & Co. KG"
"1632990151-18695","https://de.wikipedia.org/wiki/Liste_deutscher_Zeitungen","Mühlacker Tagblatt","Mühlacker","Karl Elser GmbH"
"1632990151-18762","https://de.wikipedia.org/wiki/Liste_deutscher_Zeitungen","Paderborner Kreiszeitung","Paderborn","Neue Westfälische GmbH & Co. KG"
"1632990151-18460","https://de.wikipedia.org/wiki/Liste_deutscher_Zeitungen","Augsburger Allgemeine","Augsburg","Mediengruppe Pressedruck"
"1632990151-18569","https://de.wikipedia.org/wiki/Liste_deutscher_Zeitungen","Freisinger Tagblatt","Freising","Münchener Zeitungs-Verlag GmbH & Co. KG"
"1632990151-18813","https://de.wikipedia.org/wiki/Liste_deutscher_Zeitungen","Schaumburger Zeitung","Rinteln","C. Bösendahl GmbH & Co. KG"
"1632990151-18629","https://de.wikipedia.org/wiki/Liste_deutscher_Zeitungen","Ibbenbürener Volkszeitung","Ibbenbüren","ivz.medien GmbH & Co. KG"
"1632990151-18654","https://de.wikipedia.org/wiki/Liste_deutscher_Zeitungen","Landsberger Tagblatt","Landsberg am Lech","Mediengruppe Pressedruck"
"1632990151-18553","https://de.wikipedia.org/wiki/Liste_deutscher_Zeitungen","Filder-Zeitung","Leinfelden-Echterdingen","Stuttgarter Zeitung Verlagsgesellschaft mbH"
"1632990151-18634","https://de.wikipedia.org/wiki/Liste_deutscher_Zeitungen","Isenhagener Kreisblatt","Wittingen","C. Beckers Buchdruckerei GmbH & Co. KG"
"1632990151-18730","https://de.wikipedia.org/wiki/Liste_deutscher_Zeitungen","Norddeutsche, Die","Bremen","Bremer Tageszeitungen AG"
"1632990151-18584","https://de.wikipedia.org/wiki/Liste_deutscher_Zeitungen","Gifhorner Rundschau","Gifhorn","Braunschweiger Zeitungsverlag GmbH und Co. KG"
"1632990151-18669","https://de.wikipedia.org/wiki/Liste_deutscher_Zeitungen","Magdeburger Volksstimme","Magdeburg","Magdeburger Verlags- und Druckhaus GmbH"
"1632990151-18547","https://de.wikipedia.org/wiki/Liste_deutscher_Zeitungen","Erdinger Anzeiger","Erding","Münchener Zeitungs-Verlag GmbH & Co. KG"
"1632990151-18833","https://de.wikipedia.org/wiki/Liste_deutscher_Zeitungen","Sechsämterbote","Wunsiedel","Frankenpost Verlag GmbH"
"1632990151-18923","https://de.wikipedia.org/wiki/Liste_deutscher_Zeitungen","Winnender Zeitung","Winnenden","Zeitungsverlag GmbH & Co Waiblingen KG"
"1632990151-18864","https://de.wikipedia.org/wiki/Liste_deutscher_Zeitungen","Tagesnachrichten für taubblinde Menschen","Berlin","Deutschen Blinden- und Sehbehindertenverband"
"1632990151-18789","https://de.wikipedia.org/wiki/Liste_deutscher_Zeitungen","Remscheider General-Anzeiger","Remscheid","J. F. Ziegler KG Druckerei und Verlag"
"1632990151-18930","https://de.wikipedia.org/wiki/Liste_deutscher_Zeitungen","Yeni Özgür Politika","Frankfurt am Main","Medya Presse- und Werbeagentur GmbH"
"1632990151-18807","https://de.wikipedia.org/wiki/Liste_deutscher_Zeitungen","Ruppiner Tageblatt","Neuruppin","Märkische Verlags- und Druck-Gesellschaft mbH Potsdam"
"1632990151-18786","https://de.wikipedia.org/wiki/Liste_deutscher_Zeitungen","Regionale Rundschau","Stuhr","Bremer Tageszeitungen AG"
"1632990151-18689","https://de.wikipedia.org/wiki/Liste_deutscher_Zeitungen","Mittelbayerische Zeitung","Regensburg","Mittelbayerischer Verlag KG"
"1632990151-18546","https://de.wikipedia.org/wiki/Liste_deutscher_Zeitungen","Ems-Zeitung","Papenburg","Neue Osnabrücker Zeitung GmbH & Co. KG"
"1632990151-18835","https://de.wikipedia.org/wiki/Liste_deutscher_Zeitungen","Segeberger Zeitung","Bad Segeberg","C.H. Wäser KG GmbH & Co"
"1632990151-18467","https://de.wikipedia.org/wiki/Liste_deutscher_Zeitungen","Badisches Tagblatt","Baden-Baden","Badisches Tagblatt GmbH"
"1632990151-18700","https://de.wikipedia.org/wiki/Liste_deutscher_Zeitungen","Münsterländische Tageszeitung","Cloppenburg","Hermann Imsiecke Druck u. Verlag GmbH"
"1632990151-18882","https://de.wikipedia.org/wiki/Liste_deutscher_Zeitungen","Uetersener Nachrichten","Uetersen","Uetersener Nachrichten GmbH"
"1632990151-18798","https://de.wikipedia.org/wiki/Liste_deutscher_Zeitungen","Rhön- und Saalepost","Bad Neustadt","Rötter Druck und Verlag"
"1632990151-18898","https://de.wikipedia.org/wiki/Liste_deutscher_Zeitungen","Weilheimer Tagblatt/Penzberger Merkur","Weilheim in Oberbayern","Münchener Zeitungs-Verlag GmbH & Co. KG"
"1632990151-18706","https://de.wikipedia.org/wiki/Liste_deutscher_Zeitungen","Naumburger Tageblatt","Naumburg (Saale)","Zeitungsverlag Naumburg Nebra GmbH & Co. KG"
"1632990151-18489","https://de.wikipedia.org/wiki/Liste_deutscher_Zeitungen","Bote vom Unter-Main","Miltenberg","Verlag und Druckerei Main-Echo GmbH & Co. KG"
"1632990151-18643","https://de.wikipedia.org/wiki/Liste_deutscher_Zeitungen","Kornwestheimer Zeitung","Kornwestheim","Stuttgarter Nachrichten Verlagsgesellschaft mbH"
"1632990151-18514","https://de.wikipedia.org/wiki/Liste_deutscher_Zeitungen","Deister- und Weserzeitung","Hameln","Deister- und Weserzeitung Verlagsgesellschaft mbH & Co. KG"
"1632990151-18911","https://de.wikipedia.org/wiki/Liste_deutscher_Zeitungen","Westfalen-Blatt","Bielefeld","Westfalen-Blatt Vereinigte Zeitungsverlage GmbH"
"1632990151-18850","https://de.wikipedia.org/wiki/Liste_deutscher_Zeitungen","Straubinger Tagblatt","Straubing","Cl. Attenkofer'sche Buch- und Kunstdruckerei KG"
"1632990151-18688","https://de.wikipedia.org/wiki/Liste_deutscher_Zeitungen","Mindener Tageblatt","Minden","J.C.C. Bruns Betriebs GmbH"
"1632990151-18677","https://de.wikipedia.org/wiki/Liste_deutscher_Zeitungen","Märkische Allgemeine","Potsdam","Märkische Verlags- und Druck-Gesellschaft mbH Potsdam"
"1632990151-18616","https://de.wikipedia.org/wiki/Liste_deutscher_Zeitungen","Hessische/Niedersächsische Allgemeine","Kassel","Verlag Dierichs GmbH & Co KG"
"1632990151-18799","https://de.wikipedia.org/wiki/Liste_deutscher_Zeitungen","Rhön- und Streubote","Mellrichstadt","Druckerei Richard Mack GmbH & Co. KG"
"1632990151-18916","https://de.wikipedia.org/wiki/Liste_deutscher_Zeitungen","Westhavelländer","Rathenow","Märkische Verlags- und Druck-Gesellschaft mbH Potsdam"
"1632990151-18595","https://de.wikipedia.org/wiki/Liste_deutscher_Zeitungen","Haller Tagblatt","Schwäbisch Hall","Zeitungsverlag Schwäbisch Hall GmbH"
"1632990151-18839","https://de.wikipedia.org/wiki/Liste_deutscher_Zeitungen","Sindelfinger Zeitung","Sindelfingen","Röhm Verlag & Medien GmbH & Co. KG"
"1632990151-18821","https://de.wikipedia.org/wiki/Liste_deutscher_Zeitungen","Schorndorfer Nachrichten","Schorndorf","Zeitungsverlag GmbH & Co Waiblingen KG"
"1632990151-18787","https://de.wikipedia.org/wiki/Liste_deutscher_Zeitungen","Rehauer Tagblatt","Rehau","Frankenpost Verlag GmbH"
"1632990151-18597","https://de.wikipedia.org/wiki/Liste_deutscher_Zeitungen","Hamburger Abendblatt","Hamburg","Zeitungsgruppe Hamburg GmbH"
"1632990151-18800","https://de.wikipedia.org/wiki/Liste_deutscher_Zeitungen","Rieser Nachrichten","Nördlingen","Mediengruppe Pressedruck"
"1632990151-18884","https://de.wikipedia.org/wiki/Liste_deutscher_Zeitungen","Usinger Anzeiger","Usingen","Gießener Anzeiger Verlags GmbH & Co KG"
"1632990151-18758","https://de.wikipedia.org/wiki/Liste_deutscher_Zeitungen","Ostholsteiner Anzeiger","Eutin","Schleswig-Holsteinischer Zeitungsverlag"
"1632990151-18659","https://de.wikipedia.org/wiki/Liste_deutscher_Zeitungen","Leipziger Volkszeitung","Leipzig","Leipziger Verlags- und Druckereigesellschaft"
"1632990151-18697","https://de.wikipedia.org/wiki/Liste_deutscher_Zeitungen","Münchberg-Helmbrechtser Tageszeitung","Münchberg","Frankenpost Verlag GmbH"
"1632990151-18461","https://de.wikipedia.org/wiki/Liste_deutscher_Zeitungen","B.Z.","Berlin","B.Z. Ullstein GmbH"
"1632990151-18498","https://de.wikipedia.org/wiki/Liste_deutscher_Zeitungen","Brunsbütteler Zeitung","Brunsbüttel","Boyens Medien GmbH & Co. KG"
"1632990151-18430","https://de.wikipedia.org/wiki/Liste_deutscher_Zeitungen","Aachener Zeitung","Aachen","Zeitungsverlag Aachen GmbH"
"1632990151-18609","https://de.wikipedia.org/wiki/Liste_deutscher_Zeitungen","Heilbronner Stimme","Heilbronn","Heilbronner Stimme GmbH & Co. KG"
"1632990151-18876","https://de.wikipedia.org/wiki/Liste_deutscher_Zeitungen","Torgauer Zeitung","Torgau","Torgauer Verlagsgesellschaft mbH & Co."
"1632990151-18713","https://de.wikipedia.org/wiki/Liste_deutscher_Zeitungen","Neue Oranienburger Zeitung","Oranienburg","Märkische Verlags- und Druck-Gesellschaft mbH Potsdam"
"1632990151-18572","https://de.wikipedia.org/wiki/Liste_deutscher_Zeitungen","Fürstenfeldbrucker Tagblatt","Fürstenfeldbruck","Münchener Zeitungs-Verlag GmbH & Co. KG"
"1632990151-18771","https://de.wikipedia.org/wiki/Liste_deutscher_Zeitungen","Pfälzische Volkszeitung","Kaiserslautern","Rheinpfalz Verlag und Druckerei GmbH und Co. KG"
"1632990151-18816","https://de.wikipedia.org/wiki/Liste_deutscher_Zeitungen","Schlei-Bote","Flensburg","Schleswig-Holsteinischer Zeitungsverlag"
"1632990151-18824","https://de.wikipedia.org/wiki/Liste_deutscher_Zeitungen","Schwäbische Post","Aalen","SDZ Druck und Medien GmbH & Co.KG"
"1632990151-18656","https://de.wikipedia.org/wiki/Liste_deutscher_Zeitungen","Lausitzer Rundschau","Cottbus","LR Medienverlag und Druckerei"
"1632990151-18715","https://de.wikipedia.org/wiki/Liste_deutscher_Zeitungen","Neue Presse (Coburg)","Coburg","Druck und Verlagsanstalt Neue Presse GmbH"
"1632990151-18757","https://de.wikipedia.org/wiki/Liste_deutscher_Zeitungen","Ostheimer Zeitung","Ostheim","Verlag Volker Gunzenheimer"
"1632990151-18755","https://de.wikipedia.org/wiki/Liste_deutscher_Zeitungen","Ostfriesische Nachrichten","Aurich","Ostfriesische Nachrichten GmbH"
"1632990151-18519","https://de.wikipedia.org/wiki/Liste_deutscher_Zeitungen","Die Kitzinger","Kitzingen","Die Kitzinger + Report Zeitungsverlag- und Druckerei GmbH & Co. KG"
"1632990151-18922","https://de.wikipedia.org/wiki/Liste_deutscher_Zeitungen","Windsheimer Zeitung","Windsheim","Nürnberger Presse Druckhaus Nürnberg GmbH & Co."
"1632990151-18658","https://de.wikipedia.org/wiki/Liste_deutscher_Zeitungen","Leine-Deister-Zeitung","Gronau","F. Wolff KG"
"1632990151-18623","https://de.wikipedia.org/wiki/Liste_deutscher_Zeitungen","Hohenzollerische Zeitung","Hechingen","A. Pretzl GmbH & Co. KG Druckerei und Verlag"
"1632990151-18626","https://de.wikipedia.org/wiki/Liste_deutscher_Zeitungen","Hünfelder Zeitung","Hünfeld","Verlag Parzeller GmbH & Co. KG"
"1632990151-18857","https://de.wikipedia.org/wiki/Liste_deutscher_Zeitungen","Südkurier","Konstanz","Südkurier GmbH Medienhaus"
"1632990151-18914","https://de.wikipedia.org/wiki/Liste_deutscher_Zeitungen","Westfälische Rundschau","","Zeitungsverlag Westfalen GmbH"
"1632990151-18536","https://de.wikipedia.org/wiki/Liste_deutscher_Zeitungen","Ebersberger Zeitung","Ebersberg","Münchener Zeitungs-Verlag GmbH & Co. KG"
"1632990151-18458","https://de.wikipedia.org/wiki/Liste_deutscher_Zeitungen","Anzeiger für Harlingerland","Wittmund","Brune-Mettcker Druck- und Verlagsgesellschaft mbH"
"1632990151-18673","https://de.wikipedia.org/wiki/Liste_deutscher_Zeitungen","Mangfall Bote","Bad Aibling","Oberbayerisches Volksblatt GmbH & Co. Medienhaus KG"
"1632990151-18679","https://de.wikipedia.org/wiki/Liste_deutscher_Zeitungen","Marktredwitzer Tageblatt","Marktredwitz","Frankenpost Verlag GmbH"
"1632990151-18728","https://de.wikipedia.org/wiki/Liste_deutscher_Zeitungen","Norddeutsche Neueste Nachrichten","Rostock","Norddeutsche Neuesten Nachrichten GmbH"
"1632990151-18521","https://de.wikipedia.org/wiki/Liste_deutscher_Zeitungen","Dill-Zeitung","Dillenburg","Druck- und Verlagshaus E. Weidenbach GmbH & Co. KG"
"1632990151-18701","https://de.wikipedia.org/wiki/Liste_deutscher_Zeitungen","Münsterländische Volkszeitung","Rheine","Altmeppen Verlag GmbH & Co. KG"
"1632990151-18719","https://de.wikipedia.org/wiki/Liste_deutscher_Zeitungen","Neue Württembergische Zeitung","Göppingen","Neue Württembergische Zeitung"
"1632990151-18862","https://de.wikipedia.org/wiki/Liste_deutscher_Zeitungen","Sylter Rundschau","Sylt","Schleswig-Holsteinischer Zeitungsverlag"
"1632990151-18696","https://de.wikipedia.org/wiki/Liste_deutscher_Zeitungen","Mühldorfer Anzeiger","Mühldorf am Inn","Oberbayerisches Volksblatt GmbH & Co. Medienhaus KG"
"1632990151-18621","https://de.wikipedia.org/wiki/Liste_deutscher_Zeitungen","Hofer Anzeiger","Hof","Frankenpost Verlag GmbH"
"1632990151-18638","https://de.wikipedia.org/wiki/Liste_deutscher_Zeitungen","Kehler Zeitung","Kehl","Reiff Verlag KG"
"1632990151-18750","https://de.wikipedia.org/wiki/Liste_deutscher_Zeitungen","Oranienburger Generalanzeiger","Oranienburg","Märkischer Zeitungsverlag"
"1632990151-18612","https://de.wikipedia.org/wiki/Liste_deutscher_Zeitungen","Herforder Kreisanzeiger","Herford","Neue Westfälische GmbH & Co. KG"
"1632990151-18912","https://de.wikipedia.org/wiki/Liste_deutscher_Zeitungen","Westfalenpost","Hagen","Westfalenpost GmbH & Co. KG"
"1632990151-18533","https://de.wikipedia.org/wiki/Liste_deutscher_Zeitungen","Dülmener Zeitung","Dülmen","J. Horstmannsche Buchhandlung GmbH & Co. KG"
"1632990151-18711","https://de.wikipedia.org/wiki/Liste_deutscher_Zeitungen","Neuburger Rundschau","Neuburg an der Donau","Mediengruppe Pressedruck"
"1632990151-18749","https://de.wikipedia.org/wiki/Liste_deutscher_Zeitungen","Oldenburgische Volkszeitung","Vechta","Oldenburgische Volkszeitung Druckerei und Verlag"
"1632990151-18766","https://de.wikipedia.org/wiki/Liste_deutscher_Zeitungen","Pegnitz-Zeitung","Lauf an der Pegnitz","Hans Fahner GmbH & Co. KG"
"1632990151-18704","https://de.wikipedia.org/wiki/Liste_deutscher_Zeitungen","Murrhardter Zeitung","Murrhardt","Murrhardter Zeitungsverlag GmbH & Co."
"1632990151-18708","https://de.wikipedia.org/wiki/Liste_deutscher_Zeitungen","Neckar- und Enzbote","Ludwigsburg","Ungeheuer + Ulmer KG GmbH + Co."
"1632990151-18705","https://de.wikipedia.org/wiki/Liste_deutscher_Zeitungen","Nassauische Neue Presse","Limburg an der Lahn","Frankfurter Societät"
"1632990151-18446","https://de.wikipedia.org/wiki/Liste_deutscher_Zeitungen","Allgemeine Zeitung","Coesfeld","J. Fleißig GmbH & Co."
"1632990151-18603","https://de.wikipedia.org/wiki/Liste_deutscher_Zeitungen","Harke, Die","Nienburg","J. Hoffmann GmbH und Co. KG"
"1632990151-18731","https://de.wikipedia.org/wiki/Liste_deutscher_Zeitungen","Norderneyer Badezeitung","Norderney","SKN Druck und Verlag GmbH & Co. KG"
"1632990151-18831","https://de.wikipedia.org/wiki/Liste_deutscher_Zeitungen","Schwetzinger Zeitung","Schwetzingen","Schwetzinger Zeitungsverlag GmbH & Co. KG"
"1632990151-18852","https://de.wikipedia.org/wiki/Liste_deutscher_Zeitungen","Stuttgarter Nachrichten","Stuttgart","Stuttgarter Nachrichten Verlagsgesellschaft mbH"
"1632990151-18556","https://de.wikipedia.org/wiki/Liste_deutscher_Zeitungen","Flensburger Tageblatt","Flensburg","Schleswig-Holsteinischer Zeitungsverlag"
"1632990151-18727","https://de.wikipedia.org/wiki/Liste_deutscher_Zeitungen","Nordbayerischer Kurier","Bayreuth","Nordbayerischer Kurier GmbH & Co. Zeitungsverlag KG"
"1632990151-18594","https://de.wikipedia.org/wiki/Liste_deutscher_Zeitungen","Haller Kreisblatt","Halle (Westf.)","Haller Kreisblatt Verlags-GmbH"
"1632990151-18442","https://de.wikipedia.org/wiki/Liste_deutscher_Zeitungen","Alfelder Zeitung","Alfeld","AZ Alfelder Zeitung, Dobler GmbH & Co. KG"
"1632990151-18909","https://de.wikipedia.org/wiki/Liste_deutscher_Zeitungen","Westdeutsche Allgemeine Zeitung","Essen","Zeitungsverlag Ruhrgebiet GmbH & Co. Essen KG"
"1632990151-18483","https://de.wikipedia.org/wiki/Liste_deutscher_Zeitungen","Bocholter-Borkener Volksblatt","Bocholt","Temming Verlag KG"
"1632990151-18465","https://de.wikipedia.org/wiki/Liste_deutscher_Zeitungen","Badische Neueste Nachrichten","Karlsruhe","Badische Neueste Nachrichten Badendruck GmbH"
"1632990151-18539","https://de.wikipedia.org/wiki/Liste_deutscher_Zeitungen","Ehinger Tagblatt","Ehingen","Neue Pressegesellschaft mbH & Co. KG"
"1632990151-18803","https://de.wikipedia.org/wiki/Liste_deutscher_Zeitungen","Rottaler Anzeiger","Rottal (Bayern)","Neue Presse Verlags-GmbH"
"1632990151-18844","https://de.wikipedia.org/wiki/Liste_deutscher_Zeitungen","Speyerer Rundschau","Ludwigshafen am Rhein","Rheinpfalz Verlag und Druckerei GmbH und Co. KG"
"1632990151-18690","https://de.wikipedia.org/wiki/Liste_deutscher_Zeitungen","Mitteldeutsche Zeitung","Halle","Mitteldeutsches Druck- und Verlagshaus GmbH und Co. KG"
"1632990151-18682","https://de.wikipedia.org/wiki/Liste_deutscher_Zeitungen","Meininger Tageblatt","Meiningen","Meininger Mediengesellschaft mbH (MMG)"
"1632990151-18644","https://de.wikipedia.org/wiki/Liste_deutscher_Zeitungen","Kötztinger Zeitung","Bad Kötzting","Cl. Attenkofer'sche Buch- und Kunstdruckerei KG"
"1632990151-18564","https://de.wikipedia.org/wiki/Liste_deutscher_Zeitungen","Fränkische Nachrichten","Tauberbischofsheim","Fränkische Nachrichten Verlags-GmbH"
"1632990151-18567","https://de.wikipedia.org/wiki/Liste_deutscher_Zeitungen","Freie Presse","Chemnitz","Chemnitzer Verlag und Druck GmbH & Co KG"
"1632990151-18801","https://de.wikipedia.org/wiki/Liste_deutscher_Zeitungen","Rotenburger Kreiszeitung","Rotenburg","Kreiszeitung Verlagsgesellschaft mbH & Co. KG"
"1632990151-18935","https://de.wikipedia.org/wiki/Liste_deutscher_Zeitungen","Zossener Rundschau","Zossen","Märkische Verlags- und Druck-Gesellschaft mbH Potsdam"
"1632990151-18775","https://de.wikipedia.org/wiki/Liste_deutscher_Zeitungen","Pinneberger Tageblatt","Pinneberg","A. Beig Druckerei und Verlag GmbH & Co. KG"
"1632990151-18602","https://de.wikipedia.org/wiki/Liste_deutscher_Zeitungen","Harburger Rundschau","Harburg","Zeitungsgruppe Hamburg GmbH"
"1632990151-18843","https://de.wikipedia.org/wiki/Liste_deutscher_Zeitungen","Speyerer Morgenpost","Speyer","VVS Vorderpfälzische Verlagsgesellschaft Speyer GmbH"
"1632990151-18450","https://de.wikipedia.org/wiki/Liste_deutscher_Zeitungen","Alsfelder Allgemeine","Alsfeld","Mittelhessische Druck- und Verlagsges. mbH"
"1632990151-18707","https://de.wikipedia.org/wiki/Liste_deutscher_Zeitungen","Neckar Chronik","Horb","Verlag Schwäbisches Tagblatt GmbH"
"1632990151-18655","https://de.wikipedia.org/wiki/Liste_deutscher_Zeitungen","Landshuter Zeitung","Landshut","Jos. Thomann’sche Buchdruckerei, Verlag der Landshuter Zeitung"
"1632990151-18640","https://de.wikipedia.org/wiki/Liste_deutscher_Zeitungen","Kinzigtal-Nachrichten","Schlüchtern","Verlag Parzeller GmbH & Co. KG"
"1632990151-18693","https://de.wikipedia.org/wiki/Liste_deutscher_Zeitungen","Morgenpost","Dresden","Dresdner Druck- und Verlagshaus GmbH & Co. KG"
"1632990151-18525","https://de.wikipedia.org/wiki/Liste_deutscher_Zeitungen","Döbelner Anzeiger","Döbeln","Dresdner Druck- & Verlagshaus GmbH & Co. KG"
"1632990151-18808","https://de.wikipedia.org/wiki/Liste_deutscher_Zeitungen","Saale-Zeitung","Bad Kissingen","KVG Kissinger Verlagsgesellschaft mbH & Co. KG"
"1632990151-18631","https://de.wikipedia.org/wiki/Liste_deutscher_Zeitungen","Insel-Bote, Der","Wyk auf Föhr","Schleswig-Holsteinischer Zeitungsverlag"
"1632990151-18739","https://de.wikipedia.org/wiki/Liste_deutscher_Zeitungen","Nürtinger Zeitung","Nürtingen","Senner Druck GmbH & Co. KG"
"1632990151-18435","https://de.wikipedia.org/wiki/Liste_deutscher_Zeitungen","Achimer Kurier","Achim","Bremer Tageszeitungen AG"
"1632990151-18524","https://de.wikipedia.org/wiki/Liste_deutscher_Zeitungen","Döbelner Allgemeine Zeitung","Döbeln","Leipziger Verlags- und Druckereigesellschaft"
"1632990151-18585","https://de.wikipedia.org/wiki/Liste_deutscher_Zeitungen","Glocke, Die","Oelde","E. Holterdorf GmbH & Co. KG"
"1632990151-18902","https://de.wikipedia.org/wiki/Liste_deutscher_Zeitungen","Welzheimer Zeitung","Welzheim","Zeitungsverlag GmbH & Co Waiblingen KG"
"1632990151-18494","https://de.wikipedia.org/wiki/Liste_deutscher_Zeitungen","Bremer Nachrichten","Bremen","Bremer Tageszeitungen AG"
"1632990151-18593","https://de.wikipedia.org/wiki/Liste_deutscher_Zeitungen","Haff-Zeitung","Ueckermünde","Kurierverlags GmbH & Co. KG"
"1632990151-18576","https://de.wikipedia.org/wiki/Liste_deutscher_Zeitungen","Gäubote","Herrenberg","Th. Körner KG"
"1632990151-18480","https://de.wikipedia.org/wiki/Liste_deutscher_Zeitungen","Bild","Berlin","Axel Springer SE"
"1632990151-18838","https://de.wikipedia.org/wiki/Liste_deutscher_Zeitungen","Siegener Zeitung","Siegen","Vorländer und Rothmaler GmbH & Co."
"1632990151-18473","https://de.wikipedia.org/wiki/Liste_deutscher_Zeitungen","Bergsträßer Anzeiger","Bensheim","Mediengruppe Dr. Haas GmbH"
"1632990151-18680","https://de.wikipedia.org/wiki/Liste_deutscher_Zeitungen","Marler Zeitung","Marl","Verlag J. Bauer KG"
"1632990151-18528","https://de.wikipedia.org/wiki/Liste_deutscher_Zeitungen","Donauwörther Zeitung","Donauwörth","Mediengruppe Pressedruck"
"1632990151-18910","https://de.wikipedia.org/wiki/Liste_deutscher_Zeitungen","Westdeutsche Zeitung","Düsseldorf","W. Girardet KG"
"1632990151-18566","https://de.wikipedia.org/wiki/Liste_deutscher_Zeitungen","Fränkischer Tag","Bamberg","Mediengruppe Oberfranken – Zeitungsverlage GmbH & Co. KG"
"1632990151-18878","https://de.wikipedia.org/wiki/Liste_deutscher_Zeitungen","Trierischer Volksfreund","Trier","Volksfreund-Druckerei Nikolaus Koch GmbH"
"1632990151-18501","https://de.wikipedia.org/wiki/Liste_deutscher_Zeitungen","Butzbacher Zeitung","Butzbach","Druckhaus Gratzfeld GmbH & Co. KG"
"1632990151-18841","https://de.wikipedia.org/wiki/Liste_deutscher_Zeitungen","Soester Anzeiger","Soest","Jahn Verlag GmbH"
"1632990151-18899","https://de.wikipedia.org/wiki/Liste_deutscher_Zeitungen","Weinheimer Nachrichten","Weinheim","Diesbach Medien GmbH"
"1632990151-18905","https://de.wikipedia.org/wiki/Liste_deutscher_Zeitungen","Wertinger Zeitung","Wertingen","Mediengruppe Pressedruck"
"1632990151-18744","https://de.wikipedia.org/wiki/Liste_deutscher_Zeitungen","Obermain-Tagblatt","Lichtenfels","Gottlob Meister Verlag"
"1632990151-18549","https://de.wikipedia.org/wiki/Liste_deutscher_Zeitungen","Eßlinger Zeitung","Esslingen am Neckar","Bechtle, Graphische Betriebe und Verlagsgesellschaft GmbH & Co. KG"
"1632990151-18481","https://de.wikipedia.org/wiki/Liste_deutscher_Zeitungen","Billerbecker Anzeiger","Billerbeck","J. Fleißig GmbH & Co"
"1632990151-18889","https://de.wikipedia.org/wiki/Liste_deutscher_Zeitungen","Vilshofener Anzeiger","Vilshofen","Neue Presse Verlags-GmbH"
"1632990151-18588","https://de.wikipedia.org/wiki/Liste_deutscher_Zeitungen","Göttinger Tageblatt","Göttingen","Göttinger Tageblatt GmbH & Co. KG"
"1632990151-18586","https://de.wikipedia.org/wiki/Liste_deutscher_Zeitungen","Gmünder Tagespost","Schwäbisch Gmünd","SDZ Druck und Medien GmbH & Co. KG"
"1632990151-18493","https://de.wikipedia.org/wiki/Liste_deutscher_Zeitungen","Braunschweiger Zeitung","Braunschweig","Braunschweiger Zeitungsverlag GmbH und Co. KG"
"1632990151-18512","https://de.wikipedia.org/wiki/Liste_deutscher_Zeitungen","Dattelner Morgenpost","Datteln","Verlag J. Bauer KG"
"1632990151-18639","https://de.wikipedia.org/wiki/Liste_deutscher_Zeitungen","Kieler Nachrichten","Kiel","Kieler Zeitung Verlags- und Druckerei KG GmbH"
"1632990151-18929","https://de.wikipedia.org/wiki/Liste_deutscher_Zeitungen","Wümme Zeitung","Lilienthal","Bremer Tageszeitungen AG"
"1632990151-18589","https://de.wikipedia.org/wiki/Liste_deutscher_Zeitungen","Grafschafter Nachrichten","Nordhorn","Grafschafter Nachrichten GmbH & Co. KG"
"1632990151-18649","https://de.wikipedia.org/wiki/Liste_deutscher_Zeitungen","Kyritzer Tageblatt","Kyritz","Märkische Verlags- und Druck-Gesellschaft mbH Potsdam"
"1632990151-18865","https://de.wikipedia.org/wiki/Liste_deutscher_Zeitungen","Tagespost, Die","Würzburg","Johann Wilhelm Naumann Verlag GmbH"
"1632990151-18453","https://de.wikipedia.org/wiki/Liste_deutscher_Zeitungen","Altmühl-Bote","Gunzenhausen","Nürnberger Presse Druckhaus Nürnberg GmbH & Co."
"1632990151-18527","https://de.wikipedia.org/wiki/Liste_deutscher_Zeitungen","Donau-Post","Wörth an der Donau","Cl. Attenkofer'sche Buch- und Kunstdruckerei KG"
"1632990151-18503","https://de.wikipedia.org/wiki/Liste_deutscher_Zeitungen","Cannstatter Zeitung","Bad Cannstatt","Rotenberg Verlag GmbH"
"1632990151-18661","https://de.wikipedia.org/wiki/Liste_deutscher_Zeitungen","Lindauer Zeitung","Lindau","Schwäbischer Verlag GmbH & Co. KG"
"1632990151-18692","https://de.wikipedia.org/wiki/Liste_deutscher_Zeitungen","Mittelschwäbische Nachrichten","Krumbach (Schwaben)","Mediengruppe Pressedruck"
"1632990151-18927","https://de.wikipedia.org/wiki/Liste_deutscher_Zeitungen","Wolfsburger Allgemeine Zeitung","Wolfsburg","Madsack Medien Ostniedersachsen GmbH & Co. KG"
"1632990151-18482","https://de.wikipedia.org/wiki/Liste_deutscher_Zeitungen","Bleckeder Zeitung","Bleckede","Bleckeder Zeitung – bz-druck"
"1632990151-18454","https://de.wikipedia.org/wiki/Liste_deutscher_Zeitungen","Alt-Neuöttinger/Burghauser Anzeiger","Altötting","Neue Presse Verlags-GmbH"
"1632990151-18515","https://de.wikipedia.org/wiki/Liste_deutscher_Zeitungen","Delmenhorster Kreisblatt","Delmenhorst","Verlag Rieck GmbH & Co. KG"
"1632990151-18886","https://de.wikipedia.org/wiki/Liste_deutscher_Zeitungen","Vesti","Bad Vilbel","Nidda Verlag GmbH"
"1632990151-18653","https://de.wikipedia.org/wiki/Liste_deutscher_Zeitungen","Landeszeitung für die Lüneburger Heide","Lüneburg","Landeszeitung für die Lüneburger Heide GmbH"
"1632990151-18504","https://de.wikipedia.org/wiki/Liste_deutscher_Zeitungen","Cellesche Zeitung","Celle","Schweiger & Pick Verlag Pfingsten GmbH & Co. KG"
"1632990151-18897","https://de.wikipedia.org/wiki/Liste_deutscher_Zeitungen","Weilburger Tageblatt","Weilburg","Wetzlardruck GmbH"
"1632990151-18856","https://de.wikipedia.org/wiki/Liste_deutscher_Zeitungen","Süderländer Volksfreund","Werdohl","Märkischer Zeitungsverlag GmbH & Co. KG"
"1632990151-18526","https://de.wikipedia.org/wiki/Liste_deutscher_Zeitungen","Donaukurier","Ingolstadt","Donaukurier Verlagsgesellschaft mbH & Co KG"
"1632990151-18874","https://de.wikipedia.org/wiki/Liste_deutscher_Zeitungen","Thüringische Landeszeitung","Erfurt","Thüringische Landeszeitung Verlag OHG"
"1632990151-18560","https://de.wikipedia.org/wiki/Liste_deutscher_Zeitungen","Frankfurter Allgemeine Zeitung","Frankfurt am Main","Frankfurter Allgemeine Zeitung GmbH"
"1632990151-18613","https://de.wikipedia.org/wiki/Liste_deutscher_Zeitungen","Hersbrucker Zeitung","Hersbruck","Pfeiffer Verlag und Medienservice GmbH & Co. KG"
"1632990151-18591","https://de.wikipedia.org/wiki/Liste_deutscher_Zeitungen","Günzburger Zeitung","Günzburg","Mediengruppe Pressedruck"
"1632990151-18674","https://de.wikipedia.org/wiki/Liste_deutscher_Zeitungen","Mannheimer Morgen","Mannheim","Mediengruppe Dr. Haas GmbH"
"1632990151-18760","https://de.wikipedia.org/wiki/Liste_deutscher_Zeitungen","Ostsee-Zeitung","Rostock","Ostsee-Zeitung GmbH & Co. KG,"
"1632990151-18486","https://de.wikipedia.org/wiki/Liste_deutscher_Zeitungen","Borkener Zeitung","Borken","J. Mergelsberg GmbH & Co. KG"
"1632990151-18891","https://de.wikipedia.org/wiki/Liste_deutscher_Zeitungen","Waiblinger Kreiszeitung","Waiblingen","Zeitungsverlag GmbH & Co Waiblingen KG"
"1632990151-18828","https://de.wikipedia.org/wiki/Liste_deutscher_Zeitungen","Schwarzwälder Bote","Oberndorf","Schwarzwälder Bote Mediengesellschaft mbH"
"1632990151-18791","https://de.wikipedia.org/wiki/Liste_deutscher_Zeitungen","Reutlinger General-Anzeiger","Reutlingen","Reutlinger General-Anzeiger Verlag"
"1632990151-18438","https://de.wikipedia.org/wiki/Liste_deutscher_Zeitungen","Ahrensburger Zeitung","Ahrensburg","Zeitungsgruppe Hamburg GmbH"
"1632990151-18445","https://de.wikipedia.org/wiki/Liste_deutscher_Zeitungen","Allgemeine Laber-Zeitung","Schierling (Oberpfalz)","Cl. Attenkofer'sche Buch- und Kunstdruckerei KG"
"1632990151-18781","https://de.wikipedia.org/wiki/Liste_deutscher_Zeitungen","Potsdamer Tageszeitung","Potsdam","Märkische Verlags- und Druck-Gesellschaft mbH Potsdam"
"1632990151-18854","https://de.wikipedia.org/wiki/Liste_deutscher_Zeitungen","Süddeutsche Zeitung","München","Süddeutscher Verlag"
"1632990151-18531","https://de.wikipedia.org/wiki/Liste_deutscher_Zeitungen","Dosse Kurier","Wittstock","Märkische Verlags- und Druck-Gesellschaft mbH Potsdam"
"1632990151-18530","https://de.wikipedia.org/wiki/Liste_deutscher_Zeitungen","Donnersberger Rundschau","Kirchheimbolanden","Rheinpfalz Verlag und Druckerei GmbH und Co. KG"
"1632990151-18718","https://de.wikipedia.org/wiki/Liste_deutscher_Zeitungen","Neue Westfälische","Bielefeld","Neue Westfälische GmbH & Co. KG"
"1632990151-18570","https://de.wikipedia.org/wiki/Liste_deutscher_Zeitungen","Friedberger Allgemeine","Friedberg (Bayern)","Mediengruppe Pressedruck"
"1632990151-18544","https://de.wikipedia.org/wiki/Liste_deutscher_Zeitungen","Elmshorner Nachrichten","Elmshorn","Schleswig-Holsteinischer Zeitungsverlag"
"1632990151-18459","https://de.wikipedia.org/wiki/Liste_deutscher_Zeitungen","Ärzte-Zeitung","Neu-Isenburg","Springer Science+Business Media"
"1632990151-18583","https://de.wikipedia.org/wiki/Liste_deutscher_Zeitungen","Gießener Anzeiger","Gießen","Gießener Anzeiger Verlags GmbH & Co KG"
"1632990151-18780","https://de.wikipedia.org/wiki/Liste_deutscher_Zeitungen","Potsdamer Neueste Nachrichten","Potsdam","Potsdamer Zeitungsverlagsgesellschaft mbH & Co.KG"
"1632990151-18648","https://de.wikipedia.org/wiki/Liste_deutscher_Zeitungen","Kreiszeitung Wesermarsch","Nordenham","Verlag Wilhelm Böning"
"1632990151-18770","https://de.wikipedia.org/wiki/Liste_deutscher_Zeitungen","Pfälzer Tageblatt","Landau","Rheinpfalz Verlag und Druckerei GmbH und Co. KG"
"1632990151-18873","https://de.wikipedia.org/wiki/Liste_deutscher_Zeitungen","Thüringer Allgemeine","Erfurt","Thüringer Allgemeine Verlag GmbH & Co. KG"
"1632990151-18505","https://de.wikipedia.org/wiki/Liste_deutscher_Zeitungen","Chamer Zeitung","Cham","Cl. Attenkofer'sche Buch- und Kunstdruckerei KG"
"1632990151-18532","https://de.wikipedia.org/wiki/Liste_deutscher_Zeitungen","Dresdner Neueste Nachrichten","Dresden","Dresdner Nachrichten GmbH & Co. KG"
"1632990151-18469","https://de.wikipedia.org/wiki/Liste_deutscher_Zeitungen","Bayerische Rundschau","Kulmbach","Bayerische Rundschau Verlag & Medien GmbH & Co. KG"
"1632990151-18543","https://de.wikipedia.org/wiki/Liste_deutscher_Zeitungen","Elbe-Jeetzel-Zeitung","Lüchow","Druck- und Verlagsgesellschaft Köhring GmbH & Co. KG"
"1632990151-18508","https://de.wikipedia.org/wiki/Liste_deutscher_Zeitungen","Cuxhavener Nachrichten","Cuxhaven","Cuxhaven-Niederelbe Verlagsgesellschaft"
"1632990151-18598","https://de.wikipedia.org/wiki/Liste_deutscher_Zeitungen","Hamburger Morgenpost","Hamburg","BV Deutsche Zeitungsholding"
"1632990151-18915","https://de.wikipedia.org/wiki/Liste_deutscher_Zeitungen","Westfälischer Anzeiger","Hamm","Westfälischer Anzeiger Verlagsgesellschaft mbH & Co. KG"
"1632990151-18751","https://de.wikipedia.org/wiki/Liste_deutscher_Zeitungen","Oschatzer Allgemeine Zeitung","Oschatz","Leipziger Verlags- und Druckereigesellschaft"
"1632990151-18776","https://de.wikipedia.org/wiki/Liste_deutscher_Zeitungen","Pinneberger Zeitung","Pinneberg","Zeitungsgruppe Hamburg GmbH"
"1632990151-18894","https://de.wikipedia.org/wiki/Liste_deutscher_Zeitungen","Waltroper Zeitung","Waltrop","Verlag J. Bauer KG"
"1632990151-18476","https://de.wikipedia.org/wiki/Liste_deutscher_Zeitungen","Berliner Zeitung","Berlin","Berliner Verlag GmbH"
"1632990151-18627","https://de.wikipedia.org/wiki/Liste_deutscher_Zeitungen","Hürriyet","Mörfelden-Walldorf","Dogan Media Int.GmbH"
"1632990151-18918","https://de.wikipedia.org/wiki/Liste_deutscher_Zeitungen","Wetterauer Zeitung","Bad Nauheim","Mittelhessische Druck- und Verlagsgesellschaft"
"1632990151-18657","https://de.wikipedia.org/wiki/Liste_deutscher_Zeitungen","Lauterbacher Anzeiger","Lauterbach","Verlagsgesellschaft Vogelsberg GmbH & Co. KG"
"1632990151-18538","https://de.wikipedia.org/wiki/Liste_deutscher_Zeitungen","Eckernförder Zeitung","Eckernförde","Schleswig-Holsteinischer Zeitungsverlag"
"1632990151-18490","https://de.wikipedia.org/wiki/Liste_deutscher_Zeitungen","Bote, Der","Feucht","Nürnberger Presse Druckhaus Nürnberg GmbH & Co."
"1632990151-18772","https://de.wikipedia.org/wiki/Liste_deutscher_Zeitungen","Pfälzischer Merkur","Zweibrücken","Zweibrücker Druckerei und Verlagsgesellschaft mbH"
"1632990151-18740","https://de.wikipedia.org/wiki/Liste_deutscher_Zeitungen","Oberbadische, Die","Lörrach","Oberbadisches Verlagshaus Georg Jaumann GmbH & Co. KG"
"1632990151-18601","https://de.wikipedia.org/wiki/Liste_deutscher_Zeitungen","Hannoversche Allgemeine Zeitung","Hannover","Verlagsgesellschaft Madsack GmbH & Co. KG"
"1632990151-18725","https://de.wikipedia.org/wiki/Liste_deutscher_Zeitungen","Nordbadische Nachrichten","Buchen (Odenwald)","Rhein-Neckar-Zeitung GmbH"
"1632990151-18687","https://de.wikipedia.org/wiki/Liste_deutscher_Zeitungen","Mindelheimer Zeitung","Mindelheim","Hans Högel KG"
"1632990151-18474","https://de.wikipedia.org/wiki/Liste_deutscher_Zeitungen","Berliner Kurier","Berlin","Berliner Verlag GmbH"
"1632990151-18895","https://de.wikipedia.org/wiki/Liste_deutscher_Zeitungen","Wasserburger Zeitung","Wasserburg am Inn","Oberbayerisches Volksblatt GmbH & Co. Medienhaus KG"
"1632990151-18443","https://de.wikipedia.org/wiki/Liste_deutscher_Zeitungen","Aller-Zeitung","Gifhorn","Adolf Enke GmbH & Co. KG"
"1632990151-18592","https://de.wikipedia.org/wiki/Liste_deutscher_Zeitungen","Gütersloher Zeitung","Gütersloh","Neue Westfälische GmbH & Co. KG"
"1632990151-18518","https://de.wikipedia.org/wiki/Liste_deutscher_Zeitungen","Der neue Tag","Weiden","Der neue Tag (Oberpfälzischer Kurier) Druck- und Verlagshaus GmbH"
"1632990151-18641","https://de.wikipedia.org/wiki/Liste_deutscher_Zeitungen","Kölner Stadt-Anzeiger","Köln","M. DuMont Schauberg Expedition der Kölnischen Zeitung GmbH & Co. KG"
"1632990151-18804","https://de.wikipedia.org/wiki/Liste_deutscher_Zeitungen","Ruhr Nachrichten","Dortmund","Medienhaus Lensing"
"1632990151-18726","https://de.wikipedia.org/wiki/Liste_deutscher_Zeitungen","Nordbayerische Nachrichten","Forchheim","Nürnberger Presse Druckhaus Nürnberg GmbH & Co."
"1632990151-18561","https://de.wikipedia.org/wiki/Liste_deutscher_Zeitungen","Frankfurter Neue Presse","Frankfurt am Main","Frankfurter Societäts-Druckerei GmbH"
"1632990151-18901","https://de.wikipedia.org/wiki/Liste_deutscher_Zeitungen","Welt, Die","Berlin","WeltN24 GmbH"
"1632990151-18541","https://de.wikipedia.org/wiki/Liste_deutscher_Zeitungen","Eichstätter Kurier","Eichstätt","Donaukurier Verlagsgesellschaft mbH & Co KG"
"1632990151-18851","https://de.wikipedia.org/wiki/Liste_deutscher_Zeitungen","Strelitzer Zeitung","Neustrelitz","Kurierverlags GmbH & Co. KG"
"1632990151-18666","https://de.wikipedia.org/wiki/Liste_deutscher_Zeitungen","Lüdenscheider Nachrichten","Lüdenscheid","Märkischer Zeitungsverlag GmbH & Co. KG"
"1632990151-18733","https://de.wikipedia.org/wiki/Liste_deutscher_Zeitungen","Nordfriesland Tageblatt","Husum","Schleswig-Holsteinischer Zeitungsverlag"
"1632990151-18836","https://de.wikipedia.org/wiki/Liste_deutscher_Zeitungen","Selber Tagblatt","Selb","Frankenpost Verlag GmbH"
"1632990151-18645","https://de.wikipedia.org/wiki/Liste_deutscher_Zeitungen","Kreis-Anzeiger","Nidda","Verlag Wetterau und Vogelsberg GmbH"
"1632990151-18487","https://de.wikipedia.org/wiki/Liste_deutscher_Zeitungen","Borkumer Zeitung","Borkum","Borkumer Zeitung GmbH"
"1632990151-18936","https://de.wikipedia.org/wiki/Liste_deutscher_Zeitungen","Zweibrücker Rundschau","Zweibrücken","Rheinpfalz Verlag und Druckerei GmbH und Co. KG"
"1632990151-18931","https://de.wikipedia.org/wiki/Liste_deutscher_Zeitungen","Zaman","Offenbach am Main","World Media Group AG"
"1632990151-18811","https://de.wikipedia.org/wiki/Liste_deutscher_Zeitungen","Salzgitter-Zeitung","Salzgitter","Braunschweiger Zeitungsverlag GmbH und Co. KG"
"1632990151-18636","https://de.wikipedia.org/wiki/Liste_deutscher_Zeitungen","Jeversches Wochenblatt","Jever","Brune-Mettcker Druck- und Verlagsgesellschaft mbH"
"1632990151-18769","https://de.wikipedia.org/wiki/Liste_deutscher_Zeitungen","Pfaffenhofener Kurier","Pfaffenhofen","Donaukurier Verlagsgesellschaft mbH & Co KG"
"1632990151-18651","https://de.wikipedia.org/wiki/Liste_deutscher_Zeitungen","Landauer Neue Presse","Landau an der Isar","Neue Presse Verlags-GmbH"
"1632990151-18509","https://de.wikipedia.org/wiki/Liste_deutscher_Zeitungen","Dachauer Nachrichten","Dachau","Münchener Zeitungs-Verlag GmbH & Co. KG"
"1632990151-18614","https://de.wikipedia.org/wiki/Liste_deutscher_Zeitungen","Hersfelder Zeitung","Bad Hersfeld","Hoehl-Druck GmbH + Co"
"1632990151-18867","https://de.wikipedia.org/wiki/Liste_deutscher_Zeitungen","tageszeitung, die","Berlin","die tageszeitung Verlagsgenossenschaft eG"
"1632990151-18429","https://de.wikipedia.org/wiki/Liste_deutscher_Zeitungen","Aachener Nachrichten","Aachen","Zeitungsverlag Aachen GmbH"
"1632990151-18885","https://de.wikipedia.org/wiki/Liste_deutscher_Zeitungen","Vaihinger Kreiszeitung","Vaihingen","Dr. Wimmershof GmbH + Co."
"1632990151-18617","https://de.wikipedia.org/wiki/Liste_deutscher_Zeitungen","Hildesheimer Allgemeine Zeitung","Hildesheim","Gebrüder Gerstenberg GmbH & Co KG"
"1632990151-18869","https://de.wikipedia.org/wiki/Liste_deutscher_Zeitungen","Tauber-Zeitung","Bad Mergentheim","Neue Pressegesellschaft mbH & Co. KG"
"1632990151-18810","https://de.wikipedia.org/wiki/Liste_deutscher_Zeitungen","Sächsische Zeitung","Dresden","Dresdner Druck- & Verlagshaus GmbH & Co. KG"
"1632990151-18457","https://de.wikipedia.org/wiki/Liste_deutscher_Zeitungen","Anklamer Zeitung/Usedom-Kurier","Anklam","Kurierverlags GmbH & Co. KG"
"1632990151-18887","https://de.wikipedia.org/wiki/Liste_deutscher_Zeitungen","Viernheimer Tageblatt","Viernheim","Joh. Martin Söhne OHG"
"1632990151-18523","https://de.wikipedia.org/wiki/Liste_deutscher_Zeitungen","Dithmarscher Landeszeitung","Heide","Boyens Medien GmbH & Co. KG"
"1632990151-18872","https://de.wikipedia.org/wiki/Liste_deutscher_Zeitungen","Tercüman","Frankfurt am Main",""
"1632990151-18472","https://de.wikipedia.org/wiki/Liste_deutscher_Zeitungen","Bergedorfer Zeitung","Bergedorf","Bergedorfer Buchdruckerei GmbH"
"1632990151-18822","https://de.wikipedia.org/wiki/Liste_deutscher_Zeitungen","Schrobenhausener Zeitung","Schrobenhausen","Donaukurier Verlagsgesellschaft mbH & Co KG"
"1632990151-18580","https://de.wikipedia.org/wiki/Liste_deutscher_Zeitungen","General-Anzeiger (Rhauderfehn)","Rhauderfehn","ZGO Zeitungsgruppe Ostfriesland GmbH"
"1632990151-18925","https://de.wikipedia.org/wiki/Liste_deutscher_Zeitungen","Wittlager Kreisblatt","Wittlage","Neue Osnabrücker Zeitung GmbH & Co. KG"
"1632990151-18605","https://de.wikipedia.org/wiki/Liste_deutscher_Zeitungen","Haßfurter Tagblatt","Haßfurt","Haßfurt Druck und Verlag GmbH"
"1632990151-18855","https://de.wikipedia.org/wiki/Liste_deutscher_Zeitungen","Süderländer Tageblatt","Plettenberg","Otto Hundt GmbH + Co. KG"
"1632990151-18468","https://de.wikipedia.org/wiki/Liste_deutscher_Zeitungen","Barmstedter Zeitung","Pinneberg","A. Beig Druckerei und Verlag GmbH & Co. KG"
"1632990151-18671","https://de.wikipedia.org/wiki/Liste_deutscher_Zeitungen","Main-Post","Würzburg","Mediengruppe Main-Post"
"1632990151-18471","https://de.wikipedia.org/wiki/Liste_deutscher_Zeitungen","Berchtesgadener Anzeiger","Berchtesgaden","Berchtesgadener Anzeiger KG"
"1632990151-18667","https://de.wikipedia.org/wiki/Liste_deutscher_Zeitungen","Ludwigsburger Kreiszeitung","Ludwigsburg","Ungeheuer + Ulmer KG GmbH + Co."
"1632990151-18502","https://de.wikipedia.org/wiki/Liste_deutscher_Zeitungen","Buxtehuder Tageblatt","Buxtehude","Karl Krause GmbH und Co. KG"
"1632990151-18756","https://de.wikipedia.org/wiki/Liste_deutscher_Zeitungen","Ostfriesischer Kurier","Norden","Ostfriesischer Kurier GmbH & Co. KG"
"1632990151-18924","https://de.wikipedia.org/wiki/Liste_deutscher_Zeitungen","Winsener Anzeiger","Winsen (Luhe)","Ravens & Maack GmbH"
"1632990151-18565","https://de.wikipedia.org/wiki/Liste_deutscher_Zeitungen","Fränkischer Anzeiger","Rothenburg ob der Tauber","Schneider Druck GmbH"
"1632990151-18545","https://de.wikipedia.org/wiki/Liste_deutscher_Zeitungen","Emder Zeitung","Emden","Emder Zeitung GmbH & Co. KG"
"1632990151-18451","https://de.wikipedia.org/wiki/Liste_deutscher_Zeitungen","Altenaer Kreisblatt","Altena","Märkischer Zeitungsverlag GmbH & Co. KG"
"1632990151-18558","https://de.wikipedia.org/wiki/Liste_deutscher_Zeitungen","Frankenpost","Hof","Frankenpost Verlag GmbH"
"1632990151-18834","https://de.wikipedia.org/wiki/Liste_deutscher_Zeitungen","Seesener Tageszeitung – Beobachter","Seesen","Druckerei und Verlag H. Hofmann GmbH & Co. KG"
"1632990151-18710","https://de.wikipedia.org/wiki/Liste_deutscher_Zeitungen","Neubrandenburger Zeitung","Neubrandenburg","Kurierverlags GmbH & Co. KG"
"1632990151-18699","https://de.wikipedia.org/wiki/Liste_deutscher_Zeitungen","Münsterländer, Der","Cloppenburg","Nordwest-Zeitung Verlagsgesellschaft mbH & Co. KG"
"1632990151-18479","https://de.wikipedia.org/wiki/Liste_deutscher_Zeitungen","Bietigheimer Zeitung","Bietigheim-Bissingen","Druck- und Verlagsgesellschaft Bietigheim mbH"
"1632990151-18754","https://de.wikipedia.org/wiki/Liste_deutscher_Zeitungen","Ostfriesen-Zeitung","Leer","ZGO Zeitungsgruppe Ostfriesland GmbH"
"1632990151-18516","https://de.wikipedia.org/wiki/Liste_deutscher_Zeitungen","Delmenhorster Kurier","Delmenhorst","Bremer Tageszeitungen AG"
"1632990151-18694","https://de.wikipedia.org/wiki/Liste_deutscher_Zeitungen","Mosbacher Nachrichten","Mosbach","Rhein-Neckar-Zeitung GmbH"
"1632990151-18635","https://de.wikipedia.org/wiki/Liste_deutscher_Zeitungen","Iserlohner Kreisanzeiger und Zeitung","Iserlohn","Zeitungsverlag Iserlohn Iserlohner Kreisanzeiger und Zeitung (IKZ) Wichelhoven Verlags-GmbH & Co. KG"
"1632990151-18619","https://de.wikipedia.org/wiki/Liste_deutscher_Zeitungen","Hinterländer Anzeiger","Biedenkopf","Wetzlardruck GmbH"
"1632990151-18893","https://de.wikipedia.org/wiki/Liste_deutscher_Zeitungen","Walsroder Zeitung","Walsrode","J. Gronemann KG"
"1632990151-18477","https://de.wikipedia.org/wiki/Liste_deutscher_Zeitungen","Bersenbrücker Kreisblatt","Bersenbrück","Neue Osnabrücker Zeitung GmbH & Co. KG"
"1632990151-18932","https://de.wikipedia.org/wiki/Liste_deutscher_Zeitungen","Zeitung für den Altkreis Lübbecke","Lübbecke","Neue Westfälische GmbH & Co. KG"
"1632990151-18691","https://de.wikipedia.org/wiki/Liste_deutscher_Zeitungen","Mittelhaardter Rundschau","Neustadt an der Weinstraße","Rheinpfalz Verlag und Druckerei GmbH und Co. KG"
"1632990151-18625","https://de.wikipedia.org/wiki/Liste_deutscher_Zeitungen","Holsteinischer Courier","Neumünster","Schleswig-Holsteinischer Zeitungsverlag"
"1632990151-18678","https://de.wikipedia.org/wiki/Liste_deutscher_Zeitungen","Märkische Oderzeitung","Frankfurt (Oder)","Märkisches Verlags- und Druckhaus GmbH & Co. KG"
"1632990151-18462","https://de.wikipedia.org/wiki/Liste_deutscher_Zeitungen","Backnanger Kreiszeitung","Backnang","Stroh. Druck- und Medien GmbH"
"1632990151-18582","https://de.wikipedia.org/wiki/Liste_deutscher_Zeitungen","Gießener Allgemeine","Gießen","Mittelhessische Druck- und Verlagsges. mbH"
"1632990151-18748","https://de.wikipedia.org/wiki/Liste_deutscher_Zeitungen","Oldenburger Kreiszeitung","Oldenburg (Oldenburg)","Nordwest-Zeitung Verlagsgesellschaft mbH & Co. KG"
"1632990151-18660","https://de.wikipedia.org/wiki/Liste_deutscher_Zeitungen","Leonberger Kreiszeitung","Leonberg","Stuttgarter Zeitung Verlagsgesellschaft mbH"
"1632990151-18568","https://de.wikipedia.org/wiki/Liste_deutscher_Zeitungen","Freies Wort","Suhl","Suhler Verlagsgesellschaft mbH & Co.KG"
"1632990151-18675","https://de.wikipedia.org/wiki/Liste_deutscher_Zeitungen","Marbacher Zeitung/Bottwartal Bote","Marbach am Neckar","Adolf Remppis Verlag GmbH + Co. KG"
"1632990151-18788","https://de.wikipedia.org/wiki/Liste_deutscher_Zeitungen","Reichenhaller Tagblatt/Freilassinger Anzeiger","Bad Reichenhall","BGL-Medien und Druck GmbH & Co. KG"
"1632990151-18820","https://de.wikipedia.org/wiki/Liste_deutscher_Zeitungen","Schongauer Nachrichten","Schongau","Münchener Zeitungs-Verlag GmbH & Co. KG"
"1632990151-18752","https://de.wikipedia.org/wiki/Liste_deutscher_Zeitungen","Osterholzer Kreisblatt","Osterholz","Bremer Tageszeitungen AG"
"1632990151-18433","https://de.wikipedia.org/wiki/Liste_deutscher_Zeitungen","Acher- und Bühler Bote","Achern/Bühl (Baden)","Badische Neueste Nachrichten Badendruck GmbH"
"1632990151-18741","https://de.wikipedia.org/wiki/Liste_deutscher_Zeitungen","Oberbayerisches Volksblatt","Rosenheim","Oberbayerisches Volksblatt GmbH & Co. Medienhaus KG"
"1632990151-18866","https://de.wikipedia.org/wiki/Liste_deutscher_Zeitungen","Tagesspiegel, Der","Berlin","Verlag Der Tagesspiegel GmbH"
"1632990151-18904","https://de.wikipedia.org/wiki/Liste_deutscher_Zeitungen","Wertheimer Zeitung","Wertheim","Verlag und Druckerei Main-Echo GmbH & Co. KG"
"1632990151-18608","https://de.wikipedia.org/wiki/Liste_deutscher_Zeitungen","Heidenheimer Zeitung","Heidenheim an der Brenz","Heidenheimer Zeitung GmbH & Co.KG"
"1632990151-18921","https://de.wikipedia.org/wiki/Liste_deutscher_Zeitungen","Wilhelmshavener Zeitung","Wilhelmshaven","Brune-Mettcker Druck- und Verlagsgesellschaft mbH"
"1632990151-18557","https://de.wikipedia.org/wiki/Liste_deutscher_Zeitungen","Frankenberger Zeitung","Frankenberg (Eder)","Wilhelm Bing Druckerei und Verlag GmbH"
"1632990151-18478","https://de.wikipedia.org/wiki/Liste_deutscher_Zeitungen","Bielefelder Tageblatt","Bielefeld","Neue Westfälische GmbH & Co. KG"
"1632990151-18819","https://de.wikipedia.org/wiki/Liste_deutscher_Zeitungen","Schlitzer Bote","Schlitz","Verlag Parzeller GmbH & Co. KG"
"1632990151-18491","https://de.wikipedia.org/wiki/Liste_deutscher_Zeitungen","Bramscher Nachrichten","Bramsche","Neue Osnabrücker Zeitung GmbH & Co. KG"
"1632990151-18600","https://de.wikipedia.org/wiki/Liste_deutscher_Zeitungen","Handelsblatt","Düsseldorf","Verlagsgruppe Handelsblatt GmbH"
"1632990151-18647","https://de.wikipedia.org/wiki/Liste_deutscher_Zeitungen","Kreiszeitung Böblinger Bote","Böblingen","Kreiszeitung Böblinger Bote Wilhelm Schlecht GmbH & Co. KG"
"1632990151-18510","https://de.wikipedia.org/wiki/Liste_deutscher_Zeitungen","Dahme Kurier","Königs Wusterhausen","Märkische Verlags- und Druck-Gesellschaft mbH Potsdam"
"1632990151-18537","https://de.wikipedia.org/wiki/Liste_deutscher_Zeitungen","Eckernförder Nachrichten","Eckernförde","Kieler Zeitung Verlags- und Druckerei KG GmbH"
"1632990151-18847","https://de.wikipedia.org/wiki/Liste_deutscher_Zeitungen","Starnberger Merkur","Starnberg","Münchener Zeitungs-Verlag GmbH & Co. KG"
"1632990151-18559","https://de.wikipedia.org/wiki/Liste_deutscher_Zeitungen","Frankenthaler Zeitung","Frankenthal (Pfalz)","Medien-Union GmbH"
"1632990151-18622","https://de.wikipedia.org/wiki/Liste_deutscher_Zeitungen","Hohenloher Tagblatt","Crailsheim","Hohenloher Druck- und Verlagshaus"
"1632990151-18522","https://de.wikipedia.org/wiki/Liste_deutscher_Zeitungen","Dingolfinger Anzeiger","Straubing","Cl. Attenkofer'sche Buch- und Kunstdruckerei KG"
"1632990151-18859","https://de.wikipedia.org/wiki/Liste_deutscher_Zeitungen","Südwest-Presse","Ulm","Neue Pressegesellschaft mbH & Co. KG"
"1632990151-18777","https://de.wikipedia.org/wiki/Liste_deutscher_Zeitungen","Pirmasenser Rundschau","Pirmasens","Rheinpfalz Verlag und Druckerei GmbH und Co. KG"
"1632990151-18441","https://de.wikipedia.org/wiki/Liste_deutscher_Zeitungen","Alb Bote","Münsingen","Verlag Baader GmbH"
"1632990151-18879","https://de.wikipedia.org/wiki/Liste_deutscher_Zeitungen","Trostberger Tagblatt","Trostberg","Alois Erdl KG"
"1632990151-18632","https://de.wikipedia.org/wiki/Liste_deutscher_Zeitungen","Ipf- u. Jagst-Zeitung/Aalener Nachrichten","Ellwangen/Aalen","Schwäbischer Verlag GmbH & Co. KG"
"1632990151-18722","https://de.wikipedia.org/wiki/Liste_deutscher_Zeitungen","Neumarkter Nachrichten","Neumarkt in der Oberpfalz","Nürnberger Presse Druckhaus Nürnberg GmbH & Co."
"1632990151-18858","https://de.wikipedia.org/wiki/Liste_deutscher_Zeitungen","Südthüringer Zeitung","Bad Salzungen","Südthüringer Verlag GmbH"
"1632990151-18652","https://de.wikipedia.org/wiki/Liste_deutscher_Zeitungen","Landauer Zeitung","Landau an der Isar","Cl. Attenkofer'sche Buch- und Kunstdruckerei KG"
"1632990151-18906","https://de.wikipedia.org/wiki/Liste_deutscher_Zeitungen","Weser-Kurier","Bremen","Bremer Tageszeitungen AG"
"1632990151-18495","https://de.wikipedia.org/wiki/Liste_deutscher_Zeitungen","Bremervörder Zeitung","Bremervörde","Bremervörder Zeitung Verlagsgesellschaft Borgardt GmbH & Co. KG"
"1632990151-18774","https://de.wikipedia.org/wiki/Liste_deutscher_Zeitungen","Pforzheimer Zeitung","Pforzheim","J. Esslinger GmbH + Co. KG"
"1632990151-18642","https://de.wikipedia.org/wiki/Liste_deutscher_Zeitungen","Kölnische Rundschau","Köln","M. DuMont Schauberg Expedition der Kölnischen Zeitung GmbH & Co. KG"
"1632990151-18737","https://de.wikipedia.org/wiki/Liste_deutscher_Zeitungen","Nürnberger Nachrichten","Nürnberg","Nürnberger Presse Druckhaus Nürnberg GmbH & Co."
"1632990151-18434","https://de.wikipedia.org/wiki/Liste_deutscher_Zeitungen","Acher-Rench-Zeitung","Achern","Acher-Rench-Verlag GmbH & Co. KG"
"1632990151-18814","https://de.wikipedia.org/wiki/Liste_deutscher_Zeitungen","Schaumburg-Lippische Landes-Zeitung","Bückeburg","C. Bösendahl GmbH & Co. KG"
"1632990151-18868","https://de.wikipedia.org/wiki/Liste_deutscher_Zeitungen","Täglicher Anzeiger Holzminden","Holzminden","Druck- und Verlagshaus Hüpke & Sohn Weserland-Verlag GmbH"
"1632990151-18470","https://de.wikipedia.org/wiki/Liste_deutscher_Zeitungen","Bayerwald-Bote","Regen/Viechtach","Neue Presse Verlags-GmbH"
"1632990151-18797","https://de.wikipedia.org/wiki/Liste_deutscher_Zeitungen","Rhein-Zeitung","Koblenz","Mittelrhein-Verlag GmbH"
"1632990151-18778","https://de.wikipedia.org/wiki/Liste_deutscher_Zeitungen","Pirmasenser Zeitung","Pirmasens","Adolf Deil GmbH & Co. KG"
"1632990151-18721","https://de.wikipedia.org/wiki/Liste_deutscher_Zeitungen","Neues Granseer Tageblatt","Gransee","Märkische Verlags- und Druck-Gesellschaft mbH Potsdam"
